

INSERT INTO image_group (type) VALUES
('USER'),
('USER'),
('USER'),
('USER'),
('USER'),
('USER'),
('USER'),
('USER'),
('USER'),
('USER'),
('USER'),
('USER'),
('USER'),
('USER'),
('USER'),
('USER'),
('USER'),
('USER'),
('USER'),
('USER'),
('USER'),
('USER'),
('USER'),
('USER'),
('USER'),
('USER'),
('USER'),
('USER'),
('USER'),
('USER'),
('USER'),
('USER'),
('USER'),
('USER'),
('USER'),
('USER'),
('USER'),
('USER'),
('USER'),
('USER'),
('USER'),
('USER'),
('USER'),
('USER'),
('USER'),
('USER'),
('USER'),
('USER'),
('USER'),
('USER'),
('USER'),
('USER'),
('USER'),
('USER'),
('USER'),
('USER'),
('USER'),
('USER'),
('USER'),
('USER'),
('USER'),
('USER'),
('USER'),
('USER'),
('USER'),
('USER'),
('USER'),
('USER'),
('USER'),
('USER'),
('USER'),
('USER'),
('USER'),
('USER'),
('USER'),
('USER'),
('USER'),
('USER'),
('USER'),
('USER'),
('USER'),
('USER'),
('USER'),
('USER'),
('USER'),
('USER'),
('USER'),
('USER'),
('USER'),
('USER'),
('USER'),
('USER'),
('USER'),
('USER'),
('USER'),
('USER'),
('USER'),
('USER'),
('USER'),
('USER'),
('USER'),
('USER'),
('USER'),
('USER'),
('USER'),
('USER'),
('USER'),
('USER'),
('USER'),
('USER'),
('USER'),
('USER'),
('USER'),
('USER'),
('USER'),
('USER'),
('USER'),
('USER'),
('USER'),
('USER'),
('USER'),
('USER'),
('USER'),
('USER'),
('USER'),
('USER'),
('USER'),
('USER'),
('USER'),
('USER'),
('USER'),
('USER'),
('USER'),
('USER'),
('USER'),
('USER'),
('USER'),
('USER'),
('USER'),
('USER'),
('USER'),
('USER'),
('USER'),
('USER'),
('USER'),
('USER'),
('USER'),
('USER'),
('USER'),
('USER'),
('USER');

INSERT INTO `user` (id, email, password, nickname, role, image_group_id, seller_introduction, link_url) VALUES
(1, 'user1', '123', 'User1', 'ROLE_ADMIN', 1, '안녕하세요! User1입니다.', 'https://user1.example.com'),
(2, 'user2', '123', 'User2', 'ROLE_USER', 2, '안녕하세요! User2입니다.', 'https://user2.example.com'),
(3, 'user3', '123', 'User3', 'ROLE_USER', 3, '안녕하세요! User3입니다.', 'https://user3.example.com'),
(4, 'user4', '123', 'User4', 'ROLE_USER', 4, '안녕하세요! User4입니다.', 'https://user4.example.com'),
(5, 'user5', '123', 'User5', 'ROLE_USER', 5, '안녕하세요! User5입니다.', 'https://user5.example.com'),
(6, 'user6', '123', 'User6', 'ROLE_USER', 6, '안녕하세요! User6입니다.', 'https://user6.example.com'),
(7, 'user7', '123', 'User7', 'ROLE_USER', 7, '안녕하세요! User7입니다.', 'https://user7.example.com'),
(8, 'user8', '123', 'User8', 'ROLE_USER', 8, '안녕하세요! User8입니다.', 'https://user8.example.com'),
(9, 'user9', '123', 'User9', 'ROLE_USER', 9, '안녕하세요! User9입니다.', 'https://user9.example.com'),
(10, 'user10', '123', 'User10', 'ROLE_USER', 10, '안녕하세요! User10입니다.', 'https://user10.example.com'),
(11, 'user11', '123', 'User11', 'ROLE_USER', 11, '안녕하세요! User11입니다.', 'https://user11.example.com'),
(12, 'user12', '123', 'User12', 'ROLE_USER', 12, '안녕하세요! User12입니다.', 'https://user12.example.com'),
(13, 'user13', '123', 'User13', 'ROLE_USER', 13, '안녕하세요! User13입니다.', 'https://user13.example.com'),
(14, 'user14', '123', 'User14', 'ROLE_USER', 14, '안녕하세요! User14입니다.', 'https://user14.example.com'),
(15, 'user15', '123', 'User15', 'ROLE_USER', 15, '안녕하세요! User15입니다.', 'https://user15.example.com'),
(16, 'user16', '123', 'User16', 'ROLE_USER', 16, '안녕하세요! User16입니다.', 'https://user16.example.com'),
(17, 'user17', '123', 'User17', 'ROLE_USER', 17, '안녕하세요! User17입니다.', 'https://user17.example.com'),
(18, 'user18', '123', 'User18', 'ROLE_USER', 18, '안녕하세요! User18입니다.', 'https://user18.example.com'),
(19, 'user19', '123', 'User19', 'ROLE_USER', 19, '안녕하세요! User19입니다.', 'https://user19.example.com'),
(20, 'user20', '123', 'User20', 'ROLE_USER', 20, '안녕하세요! User20입니다.', 'https://user20.example.com'),
(21, 'user21', '123', 'User21', 'ROLE_USER', 21, '안녕하세요! User21입니다.', 'https://user21.example.com'),
(22, 'user22', '123', 'User22', 'ROLE_USER', 22, '안녕하세요! User22입니다.', 'https://user22.example.com'),
(23, 'user23', '123', 'User23', 'ROLE_USER', 23, '안녕하세요! User23입니다.', 'https://user23.example.com'),
(24, 'user24', '123', 'User24', 'ROLE_USER', 24, '안녕하세요! User24입니다.', 'https://user24.example.com'),
(25, 'user25', '123', 'User25', 'ROLE_USER', 25, '안녕하세요! User25입니다.', 'https://user25.example.com'),
(26, 'user26', '123', 'User26', 'ROLE_USER', 26, '안녕하세요! User26입니다.', 'https://user26.example.com'),
(27, 'user27', '123', 'User27', 'ROLE_USER', 27, '안녕하세요! User27입니다.', 'https://user27.example.com'),
(28, 'user28', '123', 'User28', 'ROLE_USER', 28, '안녕하세요! User28입니다.', 'https://user28.example.com'),
(29, 'user29', '123', 'User29', 'ROLE_USER', 29, '안녕하세요! User29입니다.', 'https://user29.example.com'),
(30, 'user30', '123', 'User30', 'ROLE_USER', 30, '안녕하세요! User30입니다.', 'https://user30.example.com'),
(31, 'user31', '123', 'User31', 'ROLE_USER', 31, '안녕하세요! User31입니다.', 'https://user31.example.com'),
(32, 'user32', '123', 'User32', 'ROLE_USER', 32, '안녕하세요! User32입니다.', 'https://user32.example.com'),
(33, 'user33', '123', 'User33', 'ROLE_USER', 33, '안녕하세요! User33입니다.', 'https://user33.example.com'),
(34, 'user34', '123', 'User34', 'ROLE_USER', 34, '안녕하세요! User34입니다.', 'https://user34.example.com'),
(35, 'user35', '123', 'User35', 'ROLE_USER', 35, '안녕하세요! User35입니다.', 'https://user35.example.com'),
(36, 'user36', '123', 'User36', 'ROLE_USER', 36, '안녕하세요! User36입니다.', 'https://user36.example.com'),
(37, 'user37', '123', 'User37', 'ROLE_USER', 37, '안녕하세요! User37입니다.', 'https://user37.example.com'),
(38, 'user38', '123', 'User38', 'ROLE_USER', 38, '안녕하세요! User38입니다.', 'https://user38.example.com'),
(39, 'user39', '123', 'User39', 'ROLE_USER', 39, '안녕하세요! User39입니다.', 'https://user39.example.com'),
(40, 'user40', '123', 'User40', 'ROLE_USER', 40, '안녕하세요! User40입니다.', 'https://user40.example.com'),
(41, 'user41', '123', 'User41', 'ROLE_USER', 41, '안녕하세요! User41입니다.', 'https://user41.example.com'),
(42, 'user42', '123', 'User42', 'ROLE_USER', 42, '안녕하세요! User42입니다.', 'https://user42.example.com'),
(43, 'user43', '123', 'User43', 'ROLE_USER', 43, '안녕하세요! User43입니다.', 'https://user43.example.com'),
(44, 'user44', '123', 'User44', 'ROLE_USER', 44, '안녕하세요! User44입니다.', 'https://user44.example.com'),
(45, 'user45', '123', 'User45', 'ROLE_USER', 45, '안녕하세요! User45입니다.', 'https://user45.example.com'),
(46, 'user46', '123', 'User46', 'ROLE_USER', 46, '안녕하세요! User46입니다.', 'https://user46.example.com'),
(47, 'user47', '123', 'User47', 'ROLE_USER', 47, '안녕하세요! User47입니다.', 'https://user47.example.com'),
(48, 'user48', '123', 'User48', 'ROLE_USER', 48, '안녕하세요! User48입니다.', 'https://user48.example.com'),
(49, 'user49', '123', 'User49', 'ROLE_USER', 49, '안녕하세요! User49입니다.', 'https://user49.example.com'),
(50, 'user50', '123', 'User50', 'ROLE_USER', 50, '안녕하세요! User50입니다.', 'https://user50.example.com'),
(51, 'user51', '123', 'User51', 'ROLE_USER', 51, '안녕하세요! User51입니다.', 'https://user51.example.com'),
(52, 'user52', '123', 'User52', 'ROLE_USER', 52, '안녕하세요! User52입니다.', 'https://user52.example.com'),
(53, 'user53', '123', 'User53', 'ROLE_USER', 53, '안녕하세요! User53입니다.', 'https://user53.example.com'),
(54, 'user54', '123', 'User54', 'ROLE_USER', 54, '안녕하세요! User54입니다.', 'https://user54.example.com'),
(55, 'user55', '123', 'User55', 'ROLE_USER', 55, '안녕하세요! User55입니다.', 'https://user55.example.com'),
(56, 'user56', '123', 'User56', 'ROLE_USER', 56, '안녕하세요! User56입니다.', 'https://user56.example.com'),
(57, 'user57', '123', 'User57', 'ROLE_USER', 57, '안녕하세요! User57입니다.', 'https://user57.example.com'),
(58, 'user58', '123', 'User58', 'ROLE_USER', 58, '안녕하세요! User58입니다.', 'https://user58.example.com'),
(59, 'user59', '123', 'User59', 'ROLE_USER', 59, '안녕하세요! User59입니다.', 'https://user59.example.com'),
(60, 'user60', '123', 'User60', 'ROLE_USER', 60, '안녕하세요! User60입니다.', 'https://user60.example.com'),
(61, 'user61', '123', 'User61', 'ROLE_USER', 61, '안녕하세요! User61입니다.', 'https://user61.example.com'),
(62, 'user62', '123', 'User62', 'ROLE_USER', 62, '안녕하세요! User62입니다.', 'https://user62.example.com'),
(63, 'user63', '123', 'User63', 'ROLE_USER', 63, '안녕하세요! User63입니다.', 'https://user63.example.com'),
(64, 'user64', '123', 'User64', 'ROLE_USER', 64, '안녕하세요! User64입니다.', 'https://user64.example.com'),
(65, 'user65', '123', 'User65', 'ROLE_USER', 65, '안녕하세요! User65입니다.', 'https://user65.example.com'),
(66, 'user66', '123', 'User66', 'ROLE_USER', 66, '안녕하세요! User66입니다.', 'https://user66.example.com'),
(67, 'user67', '123', 'User67', 'ROLE_USER', 67, '안녕하세요! User67입니다.', 'https://user67.example.com'),
(68, 'user68', '123', 'User68', 'ROLE_USER', 68, '안녕하세요! User68입니다.', 'https://user68.example.com'),
(69, 'user69', '123', 'User69', 'ROLE_USER', 69, '안녕하세요! User69입니다.', 'https://user69.example.com'),
(70, 'user70', '123', 'User70', 'ROLE_USER', 70, '안녕하세요! User70입니다.', 'https://user70.example.com'),
(71, 'user71', '123', 'User71', 'ROLE_USER', 71, '안녕하세요! User71입니다.', 'https://user71.example.com'),
(72, 'user72', '123', 'User72', 'ROLE_USER', 72, '안녕하세요! User72입니다.', 'https://user72.example.com'),
(73, 'user73', '123', 'User73', 'ROLE_USER', 73, '안녕하세요! User73입니다.', 'https://user73.example.com'),
(74, 'user74', '123', 'User74', 'ROLE_USER', 74, '안녕하세요! User74입니다.', 'https://user74.example.com'),
(75, 'user75', '123', 'User75', 'ROLE_USER', 75, '안녕하세요! User75입니다.', 'https://user75.example.com'),
(76, 'user76', '123', 'User76', 'ROLE_USER', 76, '안녕하세요! User76입니다.', 'https://user76.example.com'),
(77, 'user77', '123', 'User77', 'ROLE_USER', 77, '안녕하세요! User77입니다.', 'https://user77.example.com'),
(78, 'user78', '123', 'User78', 'ROLE_USER', 78, '안녕하세요! User78입니다.', 'https://user78.example.com'),
(79, 'user79', '123', 'User79', 'ROLE_USER', 79, '안녕하세요! User79입니다.', 'https://user79.example.com'),
(80, 'user80', '123', 'User80', 'ROLE_USER', 80, '안녕하세요! User80입니다.', 'https://user80.example.com'),
(81, 'user81', '123', 'User81', 'ROLE_USER', 81, '안녕하세요! User81입니다.', 'https://user81.example.com'),
(82, 'user82', '123', 'User82', 'ROLE_USER', 82, '안녕하세요! User82입니다.', 'https://user82.example.com'),
(83, 'user83', '123', 'User83', 'ROLE_USER', 83, '안녕하세요! User83입니다.', 'https://user83.example.com'),
(84, 'user84', '123', 'User84', 'ROLE_USER', 84, '안녕하세요! User84입니다.', 'https://user84.example.com'),
(85, 'user85', '123', 'User85', 'ROLE_USER', 85, '안녕하세요! User85입니다.', 'https://user85.example.com'),
(86, 'user86', '123', 'User86', 'ROLE_USER', 86, '안녕하세요! User86입니다.', 'https://user86.example.com'),
(87, 'user87', '123', 'User87', 'ROLE_USER', 87, '안녕하세요! User87입니다.', 'https://user87.example.com'),
(88, 'user88', '123', 'User88', 'ROLE_USER', 88, '안녕하세요! User88입니다.', 'https://user88.example.com'),
(89, 'user89', '123', 'User89', 'ROLE_USER', 89, '안녕하세요! User89입니다.', 'https://user89.example.com'),
(90, 'user90', '123', 'User90', 'ROLE_USER', 90, '안녕하세요! User90입니다.', 'https://user90.example.com'),
(91, 'user91', '123', 'User91', 'ROLE_USER', 91, '안녕하세요! User91입니다.', 'https://user91.example.com'),
(92, 'user92', '123', 'User92', 'ROLE_USER', 92, '안녕하세요! User92입니다.', 'https://user92.example.com'),
(93, 'user93', '123', 'User93', 'ROLE_USER', 93, '안녕하세요! User93입니다.', 'https://user93.example.com'),
(94, 'user94', '123', 'User94', 'ROLE_USER', 94, '안녕하세요! User94입니다.', 'https://user94.example.com'),
(95, 'user95', '123', 'User95', 'ROLE_USER', 95, '안녕하세요! User95입니다.', 'https://user95.example.com'),
(96, 'user96', '123', 'User96', 'ROLE_USER', 96, '안녕하세요! User96입니다.', 'https://user96.example.com'),
(97, 'user97', '123', 'User97', 'ROLE_USER', 97, '안녕하세요! User97입니다.', 'https://user97.example.com'),
(98, 'user98', '123', 'User98', 'ROLE_USER', 98, '안녕하세요! User98입니다.', 'https://user98.example.com'),
(99, 'user99', '123', 'User99', 'ROLE_USER', 99, '안녕하세요! User99입니다.', 'https://user99.example.com'),
(100, 'user100', '123', 'User100', 'ROLE_USER', 100, '안녕하세요! User100입니다.', 'https://user100.example.com'),
(101, 'user101', '123', 'User101', 'ROLE_USER', 101, '안녕하세요! User101입니다.', 'https://user101.example.com'),
(102, 'user102', '123', 'User102', 'ROLE_USER', 102, '안녕하세요! User102입니다.', 'https://user102.example.com'),
(103, 'user103', '123', 'User103', 'ROLE_USER', 103, '안녕하세요! User103입니다.', 'https://user103.example.com'),
(104, 'user104', '123', 'User104', 'ROLE_USER', 104, '안녕하세요! User104입니다.', 'https://user104.example.com'),
(105, 'user105', '123', 'User105', 'ROLE_USER', 105, '안녕하세요! User105입니다.', 'https://user105.example.com'),
(106, 'user106', '123', 'User106', 'ROLE_USER', 106, '안녕하세요! User106입니다.', 'https://user106.example.com'),
(107, 'user107', '123', 'User107', 'ROLE_USER', 107, '안녕하세요! User107입니다.', 'https://user107.example.com'),
(108, 'user108', '123', 'User108', 'ROLE_USER', 108, '안녕하세요! User108입니다.', 'https://user108.example.com'),
(109, 'user109', '123', 'User109', 'ROLE_USER', 109, '안녕하세요! User109입니다.', 'https://user109.example.com'),
(110, 'user110', '123', 'User110', 'ROLE_USER', 110, '안녕하세요! User110입니다.', 'https://user110.example.com'),
(111, 'user111', '123', 'User111', 'ROLE_USER', 111, '안녕하세요! User111입니다.', 'https://user111.example.com'),
(112, 'user112', '123', 'User112', 'ROLE_USER', 112, '안녕하세요! User112입니다.', 'https://user112.example.com'),
(113, 'user113', '123', 'User113', 'ROLE_USER', 113, '안녕하세요! User113입니다.', 'https://user113.example.com'),
(114, 'user114', '123', 'User114', 'ROLE_USER', 114, '안녕하세요! User114입니다.', 'https://user114.example.com'),
(115, 'user115', '123', 'User115', 'ROLE_USER', 115, '안녕하세요! User115입니다.', 'https://user115.example.com'),
(116, 'user116', '123', 'User116', 'ROLE_USER', 116, '안녕하세요! User116입니다.', 'https://user116.example.com'),
(117, 'user117', '123', 'User117', 'ROLE_USER', 117, '안녕하세요! User117입니다.', 'https://user117.example.com'),
(118, 'user118', '123', 'User118', 'ROLE_USER', 118, '안녕하세요! User118입니다.', 'https://user118.example.com'),
(119, 'user119', '123', 'User119', 'ROLE_USER', 119, '안녕하세요! User119입니다.', 'https://user119.example.com'),
(120, 'user120', '123', 'User120', 'ROLE_USER', 120, '안녕하세요! User120입니다.', 'https://user120.example.com'),
(121, 'user121', '123', 'User121', 'ROLE_USER', 121, '안녕하세요! User121입니다.', 'https://user121.example.com'),
(122, 'user122', '123', 'User122', 'ROLE_USER', 122, '안녕하세요! User122입니다.', 'https://user122.example.com'),
(123, 'user123', '123', 'User123', 'ROLE_USER', 123, '안녕하세요! User123입니다.', 'https://user123.example.com'),
(124, 'user124', '123', 'User124', 'ROLE_USER', 124, '안녕하세요! User124입니다.', 'https://user124.example.com'),
(125, 'user125', '123', 'User125', 'ROLE_USER', 125, '안녕하세요! User125입니다.', 'https://user125.example.com'),
(126, 'user126', '123', 'User126', 'ROLE_USER', 126, '안녕하세요! User126입니다.', 'https://user126.example.com'),
(127, 'user127', '123', 'User127', 'ROLE_USER', 127, '안녕하세요! User127입니다.', 'https://user127.example.com'),
(128, 'user128', '123', 'User128', 'ROLE_USER', 128, '안녕하세요! User128입니다.', 'https://user128.example.com'),
(129, 'user129', '123', 'User129', 'ROLE_USER', 129, '안녕하세요! User129입니다.', 'https://user129.example.com'),
(130, 'user130', '123', 'User130', 'ROLE_USER', 130, '안녕하세요! User130입니다.', 'https://user130.example.com'),
(131, 'user131', '123', 'User131', 'ROLE_USER', 131, '안녕하세요! User131입니다.', 'https://user131.example.com'),
(132, 'user132', '123', 'User132', 'ROLE_USER', 132, '안녕하세요! User132입니다.', 'https://user132.example.com'),
(133, 'user133', '123', 'User133', 'ROLE_USER', 133, '안녕하세요! User133입니다.', 'https://user133.example.com'),
(134, 'user134', '123', 'User134', 'ROLE_USER', 134, '안녕하세요! User134입니다.', 'https://user134.example.com'),
(135, 'user135', '123', 'User135', 'ROLE_USER', 135, '안녕하세요! User135입니다.', 'https://user135.example.com'),
(136, 'user136', '123', 'User136', 'ROLE_USER', 136, '안녕하세요! User136입니다.', 'https://user136.example.com'),
(137, 'user137', '123', 'User137', 'ROLE_USER', 137, '안녕하세요! User137입니다.', 'https://user137.example.com'),
(138, 'user138', '123', 'User138', 'ROLE_USER', 138, '안녕하세요! User138입니다.', 'https://user138.example.com'),
(139, 'user139', '123', 'User139', 'ROLE_USER', 139, '안녕하세요! User139입니다.', 'https://user139.example.com'),
(140, 'user140', '123', 'User140', 'ROLE_USER', 140, '안녕하세요! User140입니다.', 'https://user140.example.com'),
(141, 'user141', '123', 'User141', 'ROLE_USER', 141, '안녕하세요! User141입니다.', 'https://user141.example.com'),
(142, 'user142', '123', 'User142', 'ROLE_USER', 142, '안녕하세요! User142입니다.', 'https://user142.example.com'),
(143, 'user143', '123', 'User143', 'ROLE_USER', 143, '안녕하세요! User143입니다.', 'https://user143.example.com'),
(144, 'user144', '123', 'User144', 'ROLE_USER', 144, '안녕하세요! User144입니다.', 'https://user144.example.com'),
(145, 'user145', '123', 'User145', 'ROLE_USER', 145, '안녕하세요! User145입니다.', 'https://user145.example.com'),
(146, 'user146', '123', 'User146', 'ROLE_USER', 146, '안녕하세요! User146입니다.', 'https://user146.example.com'),
(147, 'user147', '123', 'User147', 'ROLE_USER', 147, '안녕하세요! User147입니다.', 'https://user147.example.com'),
(148, 'user148', '123', 'User148', 'ROLE_USER', 148, '안녕하세요! User148입니다.', 'https://user148.example.com'),
(149, 'user149', '123', 'User149', 'ROLE_USER', 149, '안녕하세요! User149입니다.', 'https://user149.example.com'),
(150, 'user150', '123', 'User150', 'ROLE_USER', 150, '안녕하세요! User150입니다.', 'https://user150.example.com');



INSERT INTO delivery_info (user_id, zipcode, address, detail_address, is_default) VALUES
(1, '00001000', '서울시 구 1번가', '101호', 1),
(2, '00002000', '서울시 구 2번가', '201호', 1),
(3, '00003000', '서울시 구 3번가', '301호', 1),
(4, '00004000', '서울시 구 4번가', '401호', 1),
(5, '00005000', '서울시 구 5번가', '501호', 1),
(6, '00006000', '서울시 구 6번가', '601호', 1),
(7, '00007000', '서울시 구 7번가', '701호', 1),
(8, '00008000', '서울시 구 8번가', '801호', 1),
(9, '00009000', '서울시 구 9번가', '901호', 1),
(10, '00010000', '서울시 구 10번가', '1001호', 1),
(11, '00011000', '서울시 구 11번가', '1101호', 1),
(12, '00012000', '서울시 구 12번가', '1201호', 1),
(13, '00013000', '서울시 구 13번가', '1301호', 1),
(14, '00014000', '서울시 구 14번가', '1401호', 1),
(15, '00015000', '서울시 구 15번가', '1501호', 1),
(16, '00016000', '서울시 구 16번가', '1601호', 1),
(17, '00017000', '서울시 구 17번가', '1701호', 1),
(18, '00018000', '서울시 구 18번가', '1801호', 1),
(19, '00019000', '서울시 구 19번가', '1901호', 1),
(20, '00020000', '서울시 구 20번가', '2001호', 1),
(21, '00021000', '서울시 구 21번가', '2101호', 1),
(22, '00022000', '서울시 구 22번가', '2201호', 1),
(23, '00023000', '서울시 구 23번가', '2301호', 1),
(24, '00024000', '서울시 구 24번가', '2401호', 1),
(25, '00025000', '서울시 구 25번가', '2501호', 1),
(26, '00026000', '서울시 구 26번가', '2601호', 1),
(27, '00027000', '서울시 구 27번가', '2701호', 1),
(28, '00028000', '서울시 구 28번가', '2801호', 1),
(29, '00029000', '서울시 구 29번가', '2901호', 1),
(30, '00030000', '서울시 구 30번가', '3001호', 1),
(31, '00031000', '서울시 구 31번가', '3101호', 1),
(32, '00032000', '서울시 구 32번가', '3201호', 1),
(33, '00033000', '서울시 구 33번가', '3301호', 1),
(34, '00034000', '서울시 구 34번가', '3401호', 1),
(35, '00035000', '서울시 구 35번가', '3501호', 1),
(36, '00036000', '서울시 구 36번가', '3601호', 1),
(37, '00037000', '서울시 구 37번가', '3701호', 1),
(38, '00038000', '서울시 구 38번가', '3801호', 1),
(39, '00039000', '서울시 구 39번가', '3901호', 1),
(40, '00040000', '서울시 구 40번가', '4001호', 1),
(41, '00041000', '서울시 구 41번가', '4101호', 1),
(42, '00042000', '서울시 구 42번가', '4201호', 1),
(43, '00043000', '서울시 구 43번가', '4301호', 1),
(44, '00044000', '서울시 구 44번가', '4401호', 1),
(45, '00045000', '서울시 구 45번가', '4501호', 1),
(46, '00046000', '서울시 구 46번가', '4601호', 1),
(47, '00047000', '서울시 구 47번가', '4701호', 1),
(48, '00048000', '서울시 구 48번가', '4801호', 1),
(49, '00049000', '서울시 구 49번가', '4901호', 1),
(50, '00050000', '서울시 구 50번가', '5001호', 1),
(51, '00000051', '서울시 구 51번가', '5101호', 1),
(52, '00000052', '서울시 구 52번가', '5201호', 1),
(53, '00000053', '서울시 구 53번가', '5301호', 1),
(54, '00000054', '서울시 구 54번가', '5401호', 1),
(55, '00000055', '서울시 구 55번가', '5501호', 1),
(56, '00000056', '서울시 구 56번가', '5601호', 1),
(57, '00000057', '서울시 구 57번가', '5701호', 1),
(58, '00000058', '서울시 구 58번가', '5801호', 1),
(59, '00000059', '서울시 구 59번가', '5901호', 1),
(60, '00000060', '서울시 구 60번가', '6001호', 1),
(61, '00000061', '서울시 구 61번가', '6101호', 1),
(62, '00000062', '서울시 구 62번가', '6201호', 1),
(63, '00000063', '서울시 구 63번가', '6301호', 1),
(64, '00000064', '서울시 구 64번가', '6401호', 1),
(65, '00000065', '서울시 구 65번가', '6501호', 1),
(66, '00000066', '서울시 구 66번가', '6601호', 1),
(67, '00000067', '서울시 구 67번가', '6701호', 1),
(68, '00000068', '서울시 구 68번가', '6801호', 1),
(69, '00000069', '서울시 구 69번가', '6901호', 1),
(70, '00000070', '서울시 구 70번가', '7001호', 1),
(71, '00000071', '서울시 구 71번가', '7101호', 1),
(72, '00000072', '서울시 구 72번가', '7201호', 1),
(73, '00000073', '서울시 구 73번가', '7301호', 1),
(74, '00000074', '서울시 구 74번가', '7401호', 1),
(75, '00000075', '서울시 구 75번가', '7501호', 1),
(76, '00000076', '서울시 구 76번가', '7601호', 1),
(77, '00000077', '서울시 구 77번가', '7701호', 1),
(78, '00000078', '서울시 구 78번가', '7801호', 1),
(79, '00000079', '서울시 구 79번가', '7901호', 1),
(80, '00000080', '서울시 구 80번가', '8001호', 1),
(81, '00000081', '서울시 구 81번가', '8101호', 1),
(82, '00000082', '서울시 구 82번가', '8201호', 1),
(83, '00000083', '서울시 구 83번가', '8301호', 1),
(84, '00000084', '서울시 구 84번가', '8401호', 1),
(85, '00000085', '서울시 구 85번가', '8501호', 1),
(86, '00000086', '서울시 구 86번가', '8601호', 1),
(87, '00000087', '서울시 구 87번가', '8701호', 1),
(88, '00000088', '서울시 구 88번가', '8801호', 1),
(89, '00000089', '서울시 구 89번가', '8901호', 1),
(90, '00000090', '서울시 구 90번가', '9001호', 1),
(91, '00000091', '서울시 구 91번가', '9101호', 1),
(92, '00000092', '서울시 구 92번가', '9201호', 1),
(93, '00000093', '서울시 구 93번가', '9301호', 1),
(94, '00000094', '서울시 구 94번가', '9401호', 1),
(95, '00000095', '서울시 구 95번가', '9501호', 1),
(96, '00000096', '서울시 구 96번가', '9601호', 1),
(97, '00000097', '서울시 구 97번가', '9701호', 1),
(98, '00000098', '서울시 구 98번가', '9801호', 1),
(99, '00000099', '서울시 구 99번가', '9901호', 1),
(100, '00000100', '서울시 구 100번가', '10001호', 1),
(101, '00000101', '서울시 구 101번가', '10101호', 1),
(102, '00000102', '서울시 구 102번가', '10201호', 1),
(103, '00000103', '서울시 구 103번가', '10301호', 1),
(104, '00000104', '서울시 구 104번가', '10401호', 1),
(105, '00000105', '서울시 구 105번가', '10501호', 1),
(106, '00000106', '서울시 구 106번가', '10601호', 1),
(107, '00000107', '서울시 구 107번가', '10701호', 1),
(108, '00000108', '서울시 구 108번가', '10801호', 1),
(109, '00000109', '서울시 구 109번가', '10901호', 1),
(110, '00000110', '서울시 구 110번가', '11001호', 1),
(111, '00000111', '서울시 구 111번가', '11101호', 1),
(112, '00000112', '서울시 구 112번가', '11201호', 1),
(113, '00000113', '서울시 구 113번가', '11301호', 1),
(114, '00000114', '서울시 구 114번가', '11401호', 1),
(115, '00000115', '서울시 구 115번가', '11501호', 1),
(116, '00000116', '서울시 구 116번가', '11601호', 1),
(117, '00000117', '서울시 구 117번가', '11701호', 1),
(118, '00000118', '서울시 구 118번가', '11801호', 1),
(119, '00000119', '서울시 구 119번가', '11901호', 1),
(120, '00000120', '서울시 구 120번가', '12001호', 1),
(121, '00000121', '서울시 구 121번가', '12101호', 1),
(122, '00000122', '서울시 구 122번가', '12201호', 1),
(123, '00000123', '서울시 구 123번가', '12301호', 1),
(124, '00000124', '서울시 구 124번가', '12401호', 1),
(125, '00000125', '서울시 구 125번가', '12501호', 1),
(126, '00000126', '서울시 구 126번가', '12601호', 1),
(127, '00000127', '서울시 구 127번가', '12701호', 1),
(128, '00000128', '서울시 구 128번가', '12801호', 1),
(129, '00000129', '서울시 구 129번가', '12901호', 1),
(130, '00000130', '서울시 구 130번가', '13001호', 1),
(131, '00000131', '서울시 구 131번가', '13101호', 1),
(132, '00000132', '서울시 구 132번가', '13201호', 1),
(133, '00000133', '서울시 구 133번가', '13301호', 1),
(134, '00000134', '서울시 구 134번가', '13401호', 1),
(135, '00000135', '서울시 구 135번가', '13501호', 1),
(136, '00000136', '서울시 구 136번가', '13601호', 1),
(137, '00000137', '서울시 구 137번가', '13701호', 1),
(138, '00000138', '서울시 구 138번가', '13801호', 1),
(139, '00000139', '서울시 구 139번가', '13901호', 1),
(140, '00000140', '서울시 구 140번가', '14001호', 1),
(141, '00000141', '서울시 구 141번가', '14101호', 1),
(142, '00000142', '서울시 구 142번가', '14201호', 1),
(143, '00000143', '서울시 구 143번가', '14301호', 1),
(144, '00000144', '서울시 구 144번가', '14401호', 1),
(145, '00000145', '서울시 구 145번가', '14501호', 1),
(146, '00000146', '서울시 구 146번가', '14601호', 1),
(147, '00000147', '서울시 구 147번가', '14701호', 1),
(148, '00000148', '서울시 구 148번가', '14801호', 1),
(149, '00000149', '서울시 구 149번가', '14901호', 1),
(150, '00000150', '서울시 구 150번가', '15001호', 1);



INSERT INTO bank_account (account_number, bank_name, is_default, user_id) VALUES
('0000001001', '은행A', true, 1),

('0000001002', '은행B', false, 1),

('0000002001', '은행C', true, 2),

('0000002002', '은행D', false, 2),

('0000003001', '은행E', true, 3),

('0000003002', '은행F', false, 3),

('0000004001', '은행G', true, 4),

('0000004002', '은행H', false, 4),

('0000005001', '은행I', true, 5),

('0000005002', '은행J', false, 5),

('0000000006', '은행6', true, 6),

('0000000007', '은행7', true, 7),

('0000000008', '은행8', true, 8),

('0000000009', '은행9', true, 9),

('0000000010', '은행10', true, 10),

('0000000011', '은행11', true, 11),

('0000000012', '은행12', true, 12),

('0000000013', '은행13', true, 13),

('0000000014', '은행14', true, 14),

('0000000015', '은행15', true, 15),

('0000000016', '은행16', true, 16),

('0000000017', '은행17', true, 17),

('0000000018', '은행18', true, 18),

('0000000019', '은행19', true, 19),

('0000000020', '은행20', true, 20),

('0000000021', '은행21', true, 21),

('0000000022', '은행22', true, 22),

('0000000023', '은행23', true, 23),

('0000000024', '은행24', true, 24),

('0000000025', '은행25', true, 25),

('0000000026', '은행26', true, 26),

('0000000027', '은행27', true, 27),

('0000000028', '은행28', true, 28),

('0000000029', '은행29', true, 29),

('0000000030', '은행30', true, 30),

('0000000031', '은행31', true, 31),

('0000000032', '은행32', true, 32),

('0000000033', '은행33', true, 33),

('0000000034', '은행34', true, 34),

('0000000035', '은행35', true, 35),

('0000000036', '은행36', true, 36),

('0000000037', '은행37', true, 37),

('0000000038', '은행38', true, 38),

('0000000039', '은행39', true, 39),

('0000000040', '은행40', true, 40),

('0000000041', '은행41', true, 41),

('0000000042', '은행42', true, 42),

('0000000043', '은행43', true, 43),

('0000000044', '은행44', true, 44),

('0000000045', '은행45', true, 45),

('0000000046', '은행46', true, 46),

('0000000047', '은행47', true, 47),

('0000000048', '은행48', true, 48),

('0000000049', '은행49', true, 49),

('0000000050', '은행50', true, 50),

('0000001051', '은행51', true, 51),
('0000001052', '은행52', true, 52),
('0000001053', '은행53', true, 53),
('0000001054', '은행54', true, 54),
('0000001055', '은행55', true, 55),
('0000001056', '은행56', true, 56),
('0000001057', '은행57', true, 57),
('0000001058', '은행58', true, 58),
('0000001059', '은행59', true, 59),
('0000001060', '은행60', true, 60),
('0000001061', '은행61', true, 61),
('0000001062', '은행62', true, 62),
('0000001063', '은행63', true, 63),
('0000001064', '은행64', true, 64),
('0000001065', '은행65', true, 65),
('0000001066', '은행66', true, 66),
('0000001067', '은행67', true, 67),
('0000001068', '은행68', true, 68),
('0000001069', '은행69', true, 69),
('0000001070', '은행70', true, 70),
('0000001071', '은행71', true, 71),
('0000001072', '은행72', true, 72),
('0000001073', '은행73', true, 73),
('0000001074', '은행74', true, 74),
('0000001075', '은행75', true, 75),
('0000001076', '은행76', true, 76),
('0000001077', '은행77', true, 77),
('0000001078', '은행78', true, 78),
('0000001079', '은행79', true, 79),
('0000001080', '은행80', true, 80),
('0000001081', '은행81', true, 81),
('0000001082', '은행82', true, 82),
('0000001083', '은행83', true, 83),
('0000001084', '은행84', true, 84),
('0000001085', '은행85', true, 85),
('0000001086', '은행86', true, 86),
('0000001087', '은행87', true, 87),
('0000001088', '은행88', true, 88),
('0000001089', '은행89', true, 89),
('0000001090', '은행90', true, 90),
('0000001091', '은행91', true, 91),
('0000001092', '은행92', true, 92),
('0000001093', '은행93', true, 93),
('0000001094', '은행94', true, 94),
('0000001095', '은행95', true, 95),
('0000001096', '은행96', true, 96),
('0000001097', '은행97', true, 97),
('0000001098', '은행98', true, 98),
('0000001099', '은행99', true, 99),
('0000001100', '은행100', true, 100),
('0000001101', '은행101', true, 101),
('0000001102', '은행102', true, 102),
('0000001103', '은행103', true, 103),
('0000001104', '은행104', true, 104),
('0000001105', '은행105', true, 105),
('0000001106', '은행106', true, 106),
('0000001107', '은행107', true, 107),
('0000001108', '은행108', true, 108),
('0000001109', '은행109', true, 109),
('0000001110', '은행110', true, 110),
('0000001111', '은행111', true, 111),
('0000001112', '은행112', true, 112),
('0000001113', '은행113', true, 113),
('0000001114', '은행114', true, 114),
('0000001115', '은행115', true, 115),
('0000001116', '은행116', true, 116),
('0000001117', '은행117', true, 117),
('0000001118', '은행118', true, 118),
('0000001119', '은행119', true, 119),
('0000001120', '은행120', true, 120),
('0000001121', '은행121', true, 121),
('0000001122', '은행122', true, 122),
('0000001123', '은행123', true, 123),
('0000001124', '은행124', true, 124),
('0000001125', '은행125', true, 125),
('0000001126', '은행126', true, 126),
('0000001127', '은행127', true, 127),
('0000001128', '은행128', true, 128),
('0000001129', '은행129', true, 129),
('0000001130', '은행130', true, 130),
('0000001131', '은행131', true, 131),
('0000001132', '은행132', true, 132),
('0000001133', '은행133', true, 133),
('0000001134', '은행134', true, 134),
('0000001135', '은행135', true, 135),
('0000001136', '은행136', true, 136),
('0000001137', '은행137', true, 137),
('0000001138', '은행138', true, 138),
('0000001139', '은행139', true, 139),
('0000001140', '은행140', true, 140),
('0000001141', '은행141', true, 141),
('0000001142', '은행142', true, 142),
('0000001143', '은행143', true, 143),
('0000001144', '은행144', true, 144),
('0000001145', '은행145', true, 145),
('0000001146', '은행146', true, 146),
('0000001147', '은행147', true, 147),
('0000001148', '은행148', true, 148),
('0000001149', '은행149', true, 149),
('0000001150', '은행150', true, 150);




INSERT INTO project (
  seller_id, image_group_id, category_id, bank_account_id,
  title, description,
  goal_amount, total_amount, content_markdown,
  start_at, end_at, shipped_at,
  is_approved, status,
  created_at,
  platform_plan_id, views
) VALUES
(1, 1, 1, 1, '프로젝트 제목 1', '설명 1', 100000, 120000.0, '내용 1', '2025-01-01', '2025-02-01', '2025-03-01', 'APPROVED', 'ACTIVE', '2025-01-01', 2, 184),
(2, 2, 1, 2, '프로젝트 제목 2', '설명 2', 200000, 240000.0, '내용 2', '2025-01-02', '2025-02-02', '2025-03-02', 'APPROVED', 'ACTIVE', '2025-01-02', 3, 669),
(3, 3, 1, 3, '프로젝트 제목 3', '설명 3', 300000, 360000.0, '내용 3', '2025-01-03', '2025-02-03', '2025-03-03', 'REJECTED', 'CANCELLED', '2025-01-03', 3, 914),
(4, 4, 1, 4, '프로젝트 제목 4', '설명 4', 400000, 480000.0, '내용 4', '2025-01-04', '2025-02-04', '2025-03-04', 'APPROVED', 'ACTIVE', '2025-01-04', 2, 52),
(5, 5, 1, 5, '프로젝트 제목 5', '설명 5', 500000, 600000.0, '내용 5', '2025-01-05', '2025-02-05', '2025-03-05', 'APPROVED', 'ACTIVE', '2025-01-05', 2, 674),
(6, 6, 1, 6, '프로젝트 제목 6', '설명 6', 600000, 720000.0, '내용 6', '2025-01-06', '2025-02-06', '2025-03-06', 'REJECTED', 'CANCELLED', '2025-01-06', 2, 867),
(7, 7, 1, 7, '프로젝트 제목 7', '설명 7', 700000, 840000.0, '내용 7', '2025-01-07', '2025-02-07', '2025-03-07', 'APPROVED', 'ACTIVE', '2025-01-07', 1, 326),
(8, 8, 1, 8, '프로젝트 제목 8', '설명 8', 800000, 960000.0, '내용 8', '2025-01-08', '2025-02-08', '2025-03-08', 'APPROVED', 'ACTIVE', '2025-01-08', 3, 507),
(9, 9, 1, 9, '프로젝트 제목 9', '설명 9', 900000, 1080000.0, '내용 9', '2025-01-09', '2025-02-09', '2025-03-09', 'REJECTED', 'CANCELLED', '2025-01-09', 3, 124),
(10, 10, 1, 10, '프로젝트 제목 10', '설명 10', 1000000, 1200000.0, '내용 10', '2025-01-10', '2025-02-10', '2025-03-10', 'APPROVED', 'ACTIVE', '2025-01-10', 3, 277),
(11, 11, 1, 11, '프로젝트 제목 11', '설명 11', 1100000, 1320000.0, '내용 11', '2025-01-11', '2025-02-11', '2025-03-11', 'APPROVED', 'ACTIVE', '2025-01-11', 2, 545),
(12, 12, 1, 12, '프로젝트 제목 12', '설명 12', 1200000, 1440000.0, '내용 12', '2025-01-12', '2025-02-12', '2025-03-12', 'REJECTED', 'CANCELLED', '2025-01-12', 3, 2),
(13, 13, 1, 13, '프로젝트 제목 13', '설명 13', 1300000, 1560000.0, '내용 13', '2025-01-13', '2025-02-13', '2025-03-13', 'APPROVED', 'ACTIVE', '2025-01-13', 2, 520),
(14, 14, 1, 14, '프로젝트 제목 14', '설명 14', 1400000, 1680000.0, '내용 14', '2025-01-14', '2025-02-14', '2025-03-14', 'APPROVED', 'ACTIVE', '2025-01-14', 3, 537),
(15, 15, 1, 15, '프로젝트 제목 15', '설명 15', 1500000, 1800000.0, '내용 15', '2025-01-15', '2025-02-15', '2025-03-15', 'REJECTED', 'CANCELLED', '2025-01-15', 2, 28),
(16, 16, 1, 16, '프로젝트 제목 16', '설명 16', 1600000, 1920000.0, '내용 16', '2025-01-16', '2025-02-16', '2025-03-16', 'APPROVED', 'ACTIVE', '2025-01-16', 2, 603),
(17, 17, 1, 17, '프로젝트 제목 17', '설명 17', 1700000, 2040000.0, '내용 17', '2025-01-17', '2025-02-17', '2025-03-17', 'APPROVED', 'ACTIVE', '2025-01-17', 2, 527),
(18, 18, 1, 18, '프로젝트 제목 18', '설명 18', 1800000, 2160000.0, '내용 18', '2025-01-18', '2025-02-18', '2025-03-18', 'REJECTED', 'CANCELLED', '2025-01-18', 1, 919),
(19, 19, 1, 19, '프로젝트 제목 19', '설명 19', 1900000, 2280000.0, '내용 19', '2025-01-19', '2025-02-19', '2025-03-19', 'APPROVED', 'ACTIVE', '2025-01-19', 3, 916),
(20, 20, 1, 20, '프로젝트 제목 20', '설명 20', 2000000, 2400000.0, '내용 20', '2025-01-20', '2025-02-20', '2025-03-20', 'APPROVED', 'ACTIVE', '2025-01-20', 3, 873),
(21, 21, 1, 21, '프로젝트 제목 21', '설명 21', 2100000, 2520000.0, '내용 21', '2025-01-21', '2025-02-21', '2025-03-21', 'REJECTED', 'CANCELLED', '2025-01-21', 2, 363),
(22, 22, 1, 22, '프로젝트 제목 22', '설명 22', 2200000, 2640000.0, '내용 22', '2025-01-22', '2025-02-22', '2025-03-22', 'APPROVED', 'ACTIVE', '2025-01-22', 2, 601),
(23, 23, 1, 23, '프로젝트 제목 23', '설명 23', 2300000, 2760000.0, '내용 23', '2025-01-23', '2025-02-23', '2025-03-23', 'APPROVED', 'ACTIVE', '2025-01-23', 3, 493),
(24, 24, 1, 24, '프로젝트 제목 24', '설명 24', 2400000, 2880000.0, '내용 24', '2025-01-24', '2025-02-24', '2025-03-24', 'REJECTED', 'CANCELLED', '2025-01-24', 3, 639),
(25, 25, 1, 25, '프로젝트 제목 25', '설명 25', 2500000, 3000000.0, '내용 25', '2025-01-25', '2025-02-25', '2025-03-25', 'APPROVED', 'ACTIVE', '2025-01-25', 3, 511),
(26, 26, 1, 26, '프로젝트 제목 26', '설명 26', 2600000, 3120000.0, '내용 26', '2025-01-26', '2025-02-26', '2025-03-26', 'APPROVED', 'ACTIVE', '2025-01-26', 1, 985),
(27, 27, 1, 27, '프로젝트 제목 27', '설명 27', 2700000, 3240000.0, '내용 27', '2025-01-27', '2025-02-27', '2025-03-27', 'REJECTED', 'CANCELLED', '2025-01-27', 3, 371),
(28, 28, 1, 28, '프로젝트 제목 28', '설명 28', 2800000, 3360000.0, '내용 28', '2025-01-28', '2025-02-28', '2025-03-28', 'APPROVED', 'ACTIVE', '2025-01-28', 1, 83),
(29, 29, 1, 29, '프로젝트 제목 29', '설명 29', 2900000, 3480000.0, '내용 29', '2025-01-29', '2025-03-01', '2025-03-29', 'APPROVED', 'ACTIVE', '2025-01-29', 3, 917),
(30, 30, 1, 30, '프로젝트 제목 30', '설명 30', 3000000, 3600000.0, '내용 30', '2025-01-30', '2025-03-02', '2025-03-30', 'REJECTED', 'CANCELLED', '2025-01-30', 2, 551),
(31, 31, 2, 31, '프로젝트 제목 31', '설명 31', 3100000, 3720000.0, '내용 31', '2025-01-31', '2025-03-03', '2025-03-31', 'APPROVED', 'ACTIVE', '2025-01-31', 3, 862),
(32, 32, 2, 32, '프로젝트 제목 32', '설명 32', 3200000, 3840000.0, '내용 32', '2025-02-01', '2025-03-04', '2025-04-01', 'APPROVED', 'ACTIVE', '2025-02-01', 1, 475),
(33, 33, 2, 33, '프로젝트 제목 33', '설명 33', 3300000, 3960000.0, '내용 33', '2025-02-02', '2025-03-05', '2025-04-02', 'REJECTED', 'CANCELLED', '2025-02-02', 3, 980),
(34, 34, 2, 34, '프로젝트 제목 34', '설명 34', 3400000, 4080000.0, '내용 34', '2025-02-03', '2025-03-06', '2025-04-03', 'APPROVED', 'ACTIVE', '2025-02-03', 1, 514),
(35, 35, 2, 35, '프로젝트 제목 35', '설명 35', 3500000, 4200000.0, '내용 35', '2025-02-04', '2025-03-07', '2025-04-04', 'APPROVED', 'ACTIVE', '2025-02-04', 2, 999),
(36, 36, 2, 36, '프로젝트 제목 36', '설명 36', 3600000, 4320000.0, '내용 36', '2025-02-05', '2025-03-08', '2025-04-05', 'REJECTED', 'CANCELLED', '2025-02-05', 3, 633),
(37, 37, 2, 37, '프로젝트 제목 37', '설명 37', 3700000, 4440000.0, '내용 37', '2025-02-06', '2025-03-09', '2025-04-06', 'APPROVED', 'ACTIVE', '2025-02-06', 3, 116),
(38, 38, 2, 38, '프로젝트 제목 38', '설명 38', 3800000, 4560000.0, '내용 38', '2025-02-07', '2025-03-10', '2025-04-07', 'APPROVED', 'ACTIVE', '2025-02-07', 1, 363),
(39, 39, 2, 39, '프로젝트 제목 39', '설명 39', 3900000, 4680000.0, '내용 39', '2025-02-08', '2025-03-11', '2025-04-08', 'REJECTED', 'CANCELLED', '2025-02-08', 2, 112),
(40, 40, 2, 40, '프로젝트 제목 40', '설명 40', 4000000, 4800000.0, '내용 40', '2025-02-09', '2025-03-12', '2025-04-09', 'APPROVED', 'ACTIVE', '2025-02-09', 1, 69),
(41, 41, 2, 41, '프로젝트 제목 41', '설명 41', 4100000, 4920000.0, '내용 41', '2025-02-10', '2025-03-13', '2025-04-10', 'APPROVED', 'ACTIVE', '2025-02-10', 3, 267),
(42, 42, 2, 42, '프로젝트 제목 42', '설명 42', 4200000, 5040000.0, '내용 42', '2025-02-11', '2025-03-14', '2025-04-11', 'REJECTED', 'CANCELLED', '2025-02-11', 1, 839),
(43, 43, 2, 43, '프로젝트 제목 43', '설명 43', 4300000, 5160000.0, '내용 43', '2025-02-12', '2025-03-15', '2025-04-12', 'APPROVED', 'ACTIVE', '2025-02-12', 3, 548),
(44, 44, 2, 44, '프로젝트 제목 44', '설명 44', 4400000, 5280000.0, '내용 44', '2025-02-13', '2025-03-16', '2025-04-13', 'APPROVED', 'ACTIVE', '2025-02-13', 3, 66),
(45, 45, 2, 45, '프로젝트 제목 45', '설명 45', 4500000, 5400000.0, '내용 45', '2025-02-14', '2025-03-17', '2025-04-14', 'REJECTED', 'CANCELLED', '2025-02-14', 3, 820),
(46, 46, 2, 46, '프로젝트 제목 46', '설명 46', 4600000, 5520000.0, '내용 46', '2025-02-15', '2025-03-18', '2025-04-15', 'APPROVED', 'ACTIVE', '2025-02-15', 3, 921),
(47, 47, 2, 47, '프로젝트 제목 47', '설명 47', 4700000, 5640000.0, '내용 47', '2025-02-16', '2025-03-19', '2025-04-16', 'APPROVED', 'ACTIVE', '2025-02-16', 1, 206),
(48, 48, 2, 48, '프로젝트 제목 48', '설명 48', 4800000, 5760000.0, '내용 48', '2025-02-17', '2025-03-20', '2025-04-17', 'REJECTED', 'CANCELLED', '2025-02-17', 2, 772),
(49, 49, 2, 49, '프로젝트 제목 49', '설명 49', 4900000, 5880000.0, '내용 49', '2025-02-18', '2025-03-21', '2025-04-18', 'APPROVED', 'ACTIVE', '2025-02-18', 2, 290),
(50, 50, 2, 50, '프로젝트 제목 50', '설명 50', 5000000, 6000000.0, '내용 50', '2025-02-19', '2025-03-22', '2025-04-19', 'APPROVED', 'ACTIVE', '2025-02-19', 3, 5),
(51, 51, 2, 51, '프로젝트 제목 51', '설명 51', 5100000, 6120000.0, '내용 51', '2025-04-12', '2025-05-12', '2025-06-11', 'APPROVED', 'ACTIVE', '2025-04-12', 2, 118),
(52, 52, 2, 52, '프로젝트 제목 52', '설명 52', 5200000, 6240000.0, '내용 52', '2025-04-13', '2025-05-13', '2025-06-12', 'APPROVED', 'ACTIVE', '2025-04-13', 2, 721),
(53, 53, 2, 53, '프로젝트 제목 53', '설명 53', 5300000, 6360000.0, '내용 53', '2025-04-14', '2025-05-14', '2025-06-13', 'REJECTED', 'CANCELLED', '2025-04-14', 1, 299),
(54, 54, 1, 54, '프로젝트 제목 54', '설명 54', 5400000, 6480000.0, '내용 54', '2025-04-15', '2025-05-15', '2025-06-14', 'APPROVED', 'ACTIVE', '2025-04-15', 3, 463),
(55, 55, 1, 55, '프로젝트 제목 55', '설명 55', 5500000, 6600000.0, '내용 55', '2025-04-16', '2025-05-16', '2025-06-15', 'APPROVED', 'ACTIVE', '2025-04-16', 2, 75),
(56, 56, 2, 56, '프로젝트 제목 56', '설명 56', 5600000, 6720000.0, '내용 56', '2025-04-17', '2025-05-17', '2025-06-16', 'APPROVED', 'ACTIVE', '2025-04-17', 2, 85),
(57, 57, 1, 57, '프로젝트 제목 57', '설명 57', 5700000, 6840000.0, '내용 57', '2025-04-18', '2025-05-18', '2025-06-17', 'APPROVED', 'ACTIVE', '2025-04-18', 2, 193),
(58, 58, 2, 58, '프로젝트 제목 58', '설명 58', 5800000, 6960000.0, '내용 58', '2025-04-19', '2025-05-19', '2025-06-18', 'APPROVED', 'ACTIVE', '2025-04-19', 2, 80),
(59, 59, 1, 59, '프로젝트 제목 59', '설명 59', 5900000, 7080000.0, '내용 59', '2025-04-20', '2025-05-20', '2025-06-19', 'APPROVED', 'ACTIVE', '2025-04-20', 2, 871),
(60, 60, 1, 60, '프로젝트 제목 60', '설명 60', 6000000, 7200000.0, '내용 60', '2025-04-21', '2025-05-21', '2025-06-20', 'REJECTED', 'CANCELLED', '2025-04-21', 1, 820),
(61, 61, 1, 61, '프로젝트 제목 61', '설명 61', 6100000, 7320000.0, '내용 61', '2025-04-22', '2025-05-22', '2025-06-21', 'APPROVED', 'ACTIVE', '2025-04-22', 2, 559),
(62, 62, 2, 62, '프로젝트 제목 62', '설명 62', 6200000, 7440000.0, '내용 62', '2025-04-23', '2025-05-23', '2025-06-22', 'APPROVED', 'ACTIVE', '2025-04-23', 3, 45),
(63, 63, 1, 63, '프로젝트 제목 63', '설명 63', 6300000, 7560000.0, '내용 63', '2025-04-24', '2025-05-24', '2025-06-23', 'REJECTED', 'CANCELLED', '2025-04-24', 2, 947),
(64, 64, 1, 64, '프로젝트 제목 64', '설명 64', 6400000, 7680000.0, '내용 64', '2025-04-25', '2025-05-25', '2025-06-24', 'APPROVED', 'ACTIVE', '2025-04-25', 3, 139),
(65, 65, 1, 65, '프로젝트 제목 65', '설명 65', 6500000, 7800000.0, '내용 65', '2025-04-26', '2025-05-26', '2025-06-25', 'REJECTED', 'CANCELLED', '2025-04-26', 1, 999),
(66, 66, 1, 66, '프로젝트 제목 66', '설명 66', 6600000, 7920000.0, '내용 66', '2025-04-27', '2025-05-27', '2025-06-26', 'APPROVED', 'ACTIVE', '2025-04-27', 2, 935),
(67, 67, 1, 67, '프로젝트 제목 67', '설명 67', 6700000, 8040000.0, '내용 67', '2025-04-28', '2025-05-28', '2025-06-27', 'REJECTED', 'CANCELLED', '2025-04-28', 3, 272),
(68, 68, 2, 68, '프로젝트 제목 68', '설명 68', 6800000, 8160000.0, '내용 68', '2025-04-29', '2025-05-29', '2025-06-28', 'REJECTED', 'CANCELLED', '2025-04-29', 1, 797),
(69, 69, 2, 69, '프로젝트 제목 69', '설명 69', 6900000, 8280000.0, '내용 69', '2025-04-30', '2025-05-30', '2025-06-29', 'REJECTED', 'CANCELLED', '2025-04-30', 2, 19),
(70, 70, 2, 70, '프로젝트 제목 70', '설명 70', 7000000, 8400000.0, '내용 70', '2025-05-01', '2025-05-31', '2025-06-30', 'APPROVED', 'ACTIVE', '2025-05-01', 1, 919),
(71, 71, 2, 71, '프로젝트 제목 71', '설명 71', 7100000, 8520000.0, '내용 71', '2025-05-02', '2025-06-01', '2025-07-01', 'APPROVED', 'ACTIVE', '2025-05-02', 3, 782),
(72, 72, 2, 72, '프로젝트 제목 72', '설명 72', 7200000, 8640000.0, '내용 72', '2025-05-03', '2025-06-02', '2025-07-02', 'APPROVED', 'ACTIVE', '2025-05-03', 2, 643),
(73, 73, 1, 73, '프로젝트 제목 73', '설명 73', 7300000, 8760000.0, '내용 73', '2025-05-04', '2025-06-03', '2025-07-03', 'REJECTED', 'CANCELLED', '2025-05-04', 2, 501),
(74, 74, 1, 74, '프로젝트 제목 74', '설명 74', 7400000, 8880000.0, '내용 74', '2025-05-05', '2025-06-04', '2025-07-04', 'APPROVED', 'ACTIVE', '2025-05-05', 2, 983),
(75, 75, 2, 75, '프로젝트 제목 75', '설명 75', 7500000, 9000000.0, '내용 75', '2025-05-06', '2025-06-05', '2025-07-05', 'APPROVED', 'ACTIVE', '2025-05-06', 3, 386),
(76, 76, 1, 76, '프로젝트 제목 76', '설명 76', 7600000, 9120000.0, '내용 76', '2025-05-07', '2025-06-06', '2025-07-06', 'APPROVED', 'ACTIVE', '2025-05-07', 2, 330),
(77, 77, 2, 77, '프로젝트 제목 77', '설명 77', 7700000, 9240000.0, '내용 77', '2025-05-08', '2025-06-07', '2025-07-07', 'REJECTED', 'CANCELLED', '2025-05-08', 3, 879),
(78, 78, 2, 78, '프로젝트 제목 78', '설명 78', 7800000, 9360000.0, '내용 78', '2025-05-09', '2025-06-08', '2025-07-08', 'APPROVED', 'ACTIVE', '2025-05-09', 2, 655),
(79, 79, 1, 79, '프로젝트 제목 79', '설명 79', 7900000, 9480000.0, '내용 79', '2025-05-10', '2025-06-09', '2025-07-09', 'APPROVED', 'ACTIVE', '2025-05-10', 3, 21),
(80, 80, 2, 80, '프로젝트 제목 80', '설명 80', 8000000, 9600000.0, '내용 80', '2025-05-11', '2025-06-10', '2025-07-10', 'REJECTED', 'CANCELLED', '2025-05-11', 1, 432),
(81, 81, 2, 81, '프로젝트 제목 81', '설명 81', 8100000, 9720000.0, '내용 81', '2025-05-12', '2025-06-11', '2025-07-11', 'REJECTED', 'CANCELLED', '2025-05-12', 1, 690),
(82, 82, 2, 82, '프로젝트 제목 82', '설명 82', 8200000, 9840000.0, '내용 82', '2025-05-13', '2025-06-12', '2025-07-12', 'APPROVED', 'ACTIVE', '2025-05-13', 1, 536),
(83, 83, 1, 83, '프로젝트 제목 83', '설명 83', 8300000, 9960000.0, '내용 83', '2025-05-14', '2025-06-13', '2025-07-13', 'REJECTED', 'CANCELLED', '2025-05-14', 3, 564),
(84, 84, 1, 84, '프로젝트 제목 84', '설명 84', 8400000, 10080000.0, '내용 84', '2025-05-15', '2025-06-14', '2025-07-14', 'REJECTED', 'CANCELLED', '2025-05-15', 1, 110),
(85, 85, 1, 85, '프로젝트 제목 85', '설명 85', 8500000, 10200000.0, '내용 85', '2025-05-16', '2025-06-15', '2025-07-15', 'APPROVED', 'ACTIVE', '2025-05-16', 2, 358),
(86, 86, 1, 86, '프로젝트 제목 86', '설명 86', 8600000, 10320000.0, '내용 86', '2025-05-17', '2025-06-16', '2025-07-16', 'APPROVED', 'ACTIVE', '2025-05-17', 2, 531),
(87, 87, 1, 87, '프로젝트 제목 87', '설명 87', 8700000, 10440000.0, '내용 87', '2025-05-18', '2025-06-17', '2025-07-17', 'REJECTED', 'CANCELLED', '2025-05-18', 3, 848),
(88, 88, 1, 88, '프로젝트 제목 88', '설명 88', 8800000, 10560000.0, '내용 88', '2025-05-19', '2025-06-18', '2025-07-18', 'APPROVED', 'ACTIVE', '2025-05-19', 1, 152),
(89, 89, 1, 89, '프로젝트 제목 89', '설명 89', 8900000, 10680000.0, '내용 89', '2025-05-20', '2025-06-19', '2025-07-19', 'APPROVED', 'ACTIVE', '2025-05-20', 3, 77),
(90, 90, 1, 90, '프로젝트 제목 90', '설명 90', 9000000, 10800000.0, '내용 90', '2025-05-21', '2025-06-20', '2025-07-20', 'APPROVED', 'ACTIVE', '2025-05-21', 3, 934),
(91, 91, 2, 91, '프로젝트 제목 91', '설명 91', 9100000, 10920000.0, '내용 91', '2025-05-22', '2025-06-21', '2025-07-21', 'REJECTED', 'CANCELLED', '2025-05-22', 2, 203),
(92, 92, 2, 92, '프로젝트 제목 92', '설명 92', 9200000, 11040000.0, '내용 92', '2025-05-23', '2025-06-22', '2025-07-22', 'APPROVED', 'ACTIVE', '2025-05-23', 2, 321),
(93, 93, 1, 93, '프로젝트 제목 93', '설명 93', 9300000, 11160000.0, '내용 93', '2025-05-24', '2025-06-23', '2025-07-23', 'REJECTED', 'CANCELLED', '2025-05-24', 2, 344),
(94, 94, 2, 94, '프로젝트 제목 94', '설명 94', 9400000, 11280000.0, '내용 94', '2025-05-25', '2025-06-24', '2025-07-24', 'APPROVED', 'ACTIVE', '2025-05-25', 1, 178),
(95, 95, 2, 95, '프로젝트 제목 95', '설명 95', 9500000, 11400000.0, '내용 95', '2025-05-26', '2025-06-25', '2025-07-25', 'REJECTED', 'CANCELLED', '2025-05-26', 1, 102),
(96, 96, 1, 96, '프로젝트 제목 96', '설명 96', 9600000, 11520000.0, '내용 96', '2025-05-27', '2025-06-26', '2025-07-26', 'REJECTED', 'CANCELLED', '2025-05-27', 3, 661),
(97, 97, 1, 97, '프로젝트 제목 97', '설명 97', 9700000, 11640000.0, '내용 97', '2025-05-28', '2025-06-27', '2025-07-27', 'REJECTED', 'CANCELLED', '2025-05-28', 3, 800),
(98, 98, 1, 98, '프로젝트 제목 98', '설명 98', 9800000, 11760000.0, '내용 98', '2025-05-29', '2025-06-28', '2025-07-28', 'APPROVED', 'ACTIVE', '2025-05-29', 2, 329),
(99, 99, 1, 99, '프로젝트 제목 99', '설명 99', 9900000, 11880000.0, '내용 99', '2025-05-30', '2025-06-29', '2025-07-29', 'APPROVED', 'ACTIVE', '2025-05-30', 1, 342),
(100, 100, 2, 100, '프로젝트 제목 100', '설명 100', 10000000, 12000000.0, '내용 100', '2025-05-31', '2025-06-30', '2025-07-30', 'APPROVED', 'ACTIVE', '2025-05-31', 2, 349),
(101, 101, 1, 101, '프로젝트 제목 101', '설명 101', 10100000, 12120000.0, '내용 101', '2025-06-01', '2025-07-01', '2025-07-31', 'APPROVED', 'ACTIVE', '2025-06-01', 3, 417),
(102, 102, 2, 102, '프로젝트 제목 102', '설명 102', 10200000, 12240000.0, '내용 102', '2025-06-02', '2025-07-02', '2025-08-01', 'REJECTED', 'CANCELLED', '2025-06-02', 2, 37),
(103, 103, 1, 103, '프로젝트 제목 103', '설명 103', 10300000, 12360000.0, '내용 103', '2025-06-03', '2025-07-03', '2025-08-02', 'REJECTED', 'CANCELLED', '2025-06-03', 1, 638),
(104, 104, 1, 104, '프로젝트 제목 104', '설명 104', 10400000, 12480000.0, '내용 104', '2025-06-04', '2025-07-04', '2025-08-03', 'APPROVED', 'ACTIVE', '2025-06-04', 3, 754),
(105, 105, 1, 105, '프로젝트 제목 105', '설명 105', 10500000, 12600000.0, '내용 105', '2025-06-05', '2025-07-05', '2025-08-04', 'REJECTED', 'CANCELLED', '2025-06-05', 3, 814),
(106, 106, 2, 106, '프로젝트 제목 106', '설명 106', 10600000, 12720000.0, '내용 106', '2025-06-06', '2025-07-06', '2025-08-05', 'APPROVED', 'ACTIVE', '2025-06-06', 1, 368),
(107, 107, 1, 107, '프로젝트 제목 107', '설명 107', 10700000, 12840000.0, '내용 107', '2025-06-07', '2025-07-07', '2025-08-06', 'APPROVED', 'ACTIVE', '2025-06-07', 3, 94),
(108, 108, 2, 108, '프로젝트 제목 108', '설명 108', 10800000, 12960000.0, '내용 108', '2025-06-08', '2025-07-08', '2025-08-07', 'APPROVED', 'ACTIVE', '2025-06-08', 1, 388),
(109, 109, 2, 109, '프로젝트 제목 109', '설명 109', 10900000, 13080000.0, '내용 109', '2025-06-09', '2025-07-09', '2025-08-08', 'REJECTED', 'CANCELLED', '2025-06-09', 2, 482),
(110, 110, 1, 110, '프로젝트 제목 110', '설명 110', 11000000, 13200000.0, '내용 110', '2025-06-10', '2025-07-10', '2025-08-09', 'REJECTED', 'CANCELLED', '2025-06-10', 2, 854),
(111, 111, 2, 111, '프로젝트 제목 111', '설명 111', 11100000, 13320000.0, '내용 111', '2025-06-11', '2025-07-11', '2025-08-10', 'REJECTED', 'CANCELLED', '2025-06-11', 3, 419),
(112, 112, 1, 112, '프로젝트 제목 112', '설명 112', 11200000, 13440000.0, '내용 112', '2025-06-12', '2025-07-12', '2025-08-11', 'APPROVED', 'ACTIVE', '2025-06-12', 3, 854),
(113, 113, 1, 113, '프로젝트 제목 113', '설명 113', 11300000, 13560000.0, '내용 113', '2025-06-13', '2025-07-13', '2025-08-12', 'REJECTED', 'CANCELLED', '2025-06-13', 3, 794),
(114, 114, 1, 114, '프로젝트 제목 114', '설명 114', 11400000, 13680000.0, '내용 114', '2025-06-14', '2025-07-14', '2025-08-13', 'APPROVED', 'ACTIVE', '2025-06-14', 1, 864),
(115, 115, 2, 115, '프로젝트 제목 115', '설명 115', 11500000, 13800000.0, '내용 115', '2025-06-15', '2025-07-15', '2025-08-14', 'APPROVED', 'ACTIVE', '2025-06-15', 2, 419),
(116, 116, 1, 116, '프로젝트 제목 116', '설명 116', 11600000, 13920000.0, '내용 116', '2025-06-16', '2025-07-16', '2025-08-15', 'REJECTED', 'CANCELLED', '2025-06-16', 1, 664),
(117, 117, 1, 117, '프로젝트 제목 117', '설명 117', 11700000, 14040000.0, '내용 117', '2025-06-17', '2025-07-17', '2025-08-16', 'REJECTED', 'CANCELLED', '2025-06-17', 2, 507),
(118, 118, 2, 118, '프로젝트 제목 118', '설명 118', 11800000, 14160000.0, '내용 118', '2025-06-18', '2025-07-18', '2025-08-17', 'APPROVED', 'ACTIVE', '2025-06-18', 2, 800),
(119, 119, 1, 119, '프로젝트 제목 119', '설명 119', 11900000, 14280000.0, '내용 119', '2025-06-19', '2025-07-19', '2025-08-18', 'REJECTED', 'CANCELLED', '2025-06-19', 2, 213),
(120, 120, 2, 120, '프로젝트 제목 120', '설명 120', 12000000, 14400000.0, '내용 120', '2025-06-20', '2025-07-20', '2025-08-19', 'APPROVED', 'ACTIVE', '2025-06-20', 2, 949),
(121, 121, 2, 121, '프로젝트 제목 121', '설명 121', 12100000, 14520000.0, '내용 121', '2025-06-21', '2025-07-21', '2025-08-20', 'APPROVED', 'ACTIVE', '2025-06-21', 2, 33),
(122, 122, 1, 122, '프로젝트 제목 122', '설명 122', 12200000, 14640000.0, '내용 122', '2025-06-22', '2025-07-22', '2025-08-21', 'APPROVED', 'ACTIVE', '2025-06-22', 1, 656),
(123, 123, 2, 123, '프로젝트 제목 123', '설명 123', 12300000, 14760000.0, '내용 123', '2025-06-23', '2025-07-23', '2025-08-22', 'APPROVED', 'ACTIVE', '2025-06-23', 2, 310),
(124, 124, 1, 124, '프로젝트 제목 124', '설명 124', 12400000, 14880000.0, '내용 124', '2025-06-24', '2025-07-24', '2025-08-23', 'REJECTED', 'CANCELLED', '2025-06-24', 2, 738),
(125, 125, 1, 125, '프로젝트 제목 125', '설명 125', 12500000, 15000000.0, '내용 125', '2025-06-25', '2025-07-25', '2025-08-24', 'APPROVED', 'ACTIVE', '2025-06-25', 3, 357),
(126, 126, 2, 126, '프로젝트 제목 126', '설명 126', 12600000, 15120000.0, '내용 126', '2025-06-26', '2025-07-26', '2025-08-25', 'REJECTED', 'CANCELLED', '2025-06-26', 2, 2),
(127, 127, 1, 127, '프로젝트 제목 127', '설명 127', 12700000, 15240000.0, '내용 127', '2025-06-27', '2025-07-27', '2025-08-26', 'REJECTED', 'CANCELLED', '2025-06-27', 1, 437),
(128, 128, 2, 128, '프로젝트 제목 128', '설명 128', 12800000, 15360000.0, '내용 128', '2025-06-28', '2025-07-28', '2025-08-27', 'APPROVED', 'ACTIVE', '2025-06-28', 1, 830),
(129, 129, 1, 129, '프로젝트 제목 129', '설명 129', 12900000, 15480000.0, '내용 129', '2025-06-29', '2025-07-29', '2025-08-28', 'REJECTED', 'CANCELLED', '2025-06-29', 3, 571),
(130, 130, 2, 130, '프로젝트 제목 130', '설명 130', 13000000, 15600000.0, '내용 130', '2025-06-30', '2025-07-30', '2025-08-29', 'APPROVED', 'ACTIVE', '2025-06-30', 1, 639),
(131, 131, 2, 131, '프로젝트 제목 131', '설명 131', 13100000, 15720000.0, '내용 131', '2025-07-01', '2025-07-31', '2025-08-30', 'APPROVED', 'ACTIVE', '2025-07-01', 3, 567),
(132, 132, 2, 132, '프로젝트 제목 132', '설명 132', 13200000, 15840000.0, '내용 132', '2025-07-02', '2025-08-01', '2025-08-31', 'REJECTED', 'CANCELLED', '2025-07-02', 2, 70),
(133, 133, 1, 133, '프로젝트 제목 133', '설명 133', 13300000, 15960000.0, '내용 133', '2025-07-03', '2025-08-02', '2025-09-01', 'APPROVED', 'ACTIVE', '2025-07-03', 2, 42),
(134, 134, 1, 134, '프로젝트 제목 134', '설명 134', 13400000, 16080000.0, '내용 134', '2025-07-04', '2025-08-03', '2025-09-02', 'APPROVED', 'ACTIVE', '2025-07-04', 2, 994),
(135, 135, 2, 135, '프로젝트 제목 135', '설명 135', 13500000, 16200000.0, '내용 135', '2025-07-05', '2025-08-04', '2025-09-03', 'REJECTED', 'CANCELLED', '2025-07-05', 3, 536),
(136, 136, 1, 136, '프로젝트 제목 136', '설명 136', 13600000, 16320000.0, '내용 136', '2025-07-06', '2025-08-05', '2025-09-04', 'APPROVED', 'ACTIVE', '2025-07-06', 2, 203),
(137, 137, 1, 137, '프로젝트 제목 137', '설명 137', 13700000, 16440000.0, '내용 137', '2025-07-07', '2025-08-06', '2025-09-05', 'APPROVED', 'ACTIVE', '2025-07-07', 2, 142),
(138, 138, 1, 138, '프로젝트 제목 138', '설명 138', 13800000, 16560000.0, '내용 138', '2025-07-08', '2025-08-07', '2025-09-06', 'REJECTED', 'CANCELLED', '2025-07-08', 1, 365),
(139, 139, 1, 139, '프로젝트 제목 139', '설명 139', 13900000, 16680000.0, '내용 139', '2025-07-09', '2025-08-08', '2025-09-07', 'APPROVED', 'ACTIVE', '2025-07-09', 1, 171),
(140, 140, 2, 140, '프로젝트 제목 140', '설명 140', 14000000, 16800000.0, '내용 140', '2025-07-10', '2025-08-09', '2025-09-08', 'APPROVED', 'ACTIVE', '2025-07-10', 3, 537),
(141, 141, 2, 141, '프로젝트 제목 141', '설명 141', 14100000, 16920000.0, '내용 141', '2025-07-11', '2025-08-10', '2025-09-09', 'REJECTED', 'CANCELLED', '2025-07-11', 2, 981),
(142, 142, 1, 142, '프로젝트 제목 142', '설명 142', 14200000, 17040000.0, '내용 142', '2025-07-12', '2025-08-11', '2025-09-10', 'REJECTED', 'CANCELLED', '2025-07-12', 3, 769),
(143, 143, 1, 143, '프로젝트 제목 143', '설명 143', 14300000, 17160000.0, '내용 143', '2025-07-13', '2025-08-12', '2025-09-11', 'APPROVED', 'ACTIVE', '2025-07-13', 2, 632),
(144, 144, 1, 144, '프로젝트 제목 144', '설명 144', 14400000, 17280000.0, '내용 144', '2025-07-14', '2025-08-13', '2025-09-12', 'REJECTED', 'CANCELLED', '2025-07-14', 1, 28),
(145, 145, 2, 145, '프로젝트 제목 145', '설명 145', 14500000, 17400000.0, '내용 145', '2025-07-15', '2025-08-14', '2025-09-13', 'REJECTED', 'CANCELLED', '2025-07-15', 1, 739),
(146, 146, 1, 146, '프로젝트 제목 146', '설명 146', 14600000, 17520000.0, '내용 146', '2025-07-16', '2025-08-15', '2025-09-14', 'REJECTED', 'CANCELLED', '2025-07-16', 3, 452),
(147, 147, 1, 147, '프로젝트 제목 147', '설명 147', 14700000, 17640000.0, '내용 147', '2025-07-17', '2025-08-16', '2025-09-15', 'APPROVED', 'ACTIVE', '2025-07-17', 3, 516),
(148, 148, 1, 148, '프로젝트 제목 148', '설명 148', 14800000, 17760000.0, '내용 148', '2025-07-18', '2025-08-17', '2025-09-16', 'APPROVED', 'ACTIVE', '2025-07-18', 1, 139),
(149, 149, 1, 149, '프로젝트 제목 149', '설명 149', 14900000, 17880000.0, '내용 149', '2025-07-19', '2025-08-18', '2025-09-17', 'APPROVED', 'ACTIVE', '2025-07-19', 3, 821),
(150, 150, 2, 150, '프로젝트 제목 150', '설명 150', 15000000, 18000000.0, '내용 150', '2025-07-20', '2025-08-19', '2025-09-18', 'REJECTED', 'CANCELLED', '2025-07-20', 1, 429);




INSERT INTO product (project_id, name, description, price, stock) VALUES
(1, '상품1', '상품1 설명입니다.', 72000, 100),
(1, '상품2', '상품2 설명입니다.', 33000, 100),
(1, '상품3', '상품3 설명입니다.', 15000, 100),
(1, '상품4', '상품4 설명입니다.', 34000, 100),
(1, '상품5', '상품5 설명입니다.', 57000, 100),
(2, '상품6', '상품6 설명입니다.', 90000, 100),
(2, '상품7', '상품7 설명입니다.', 36000, 100),
(2, '상품8', '상품8 설명입니다.', 40000, 100),
(2, '상품9', '상품9 설명입니다.', 87000, 100),
(2, '상품10', '상품10 설명입니다.', 21000, 100),
(3, '상품11', '상품11 설명입니다.', 18000, 100),
(3, '상품12', '상품12 설명입니다.', 77000, 100),
(3, '상품13', '상품13 설명입니다.', 86000, 100),
(4, '상품14', '상품14 설명입니다.', 23000, 100),
(4, '상품15', '상품15 설명입니다.', 53000, 100),
(4, '상품16', '상품16 설명입니다.', 46000, 100),
(4, '상품17', '상품17 설명입니다.', 85000, 100),
(4, '상품18', '상품18 설명입니다.', 80000, 100),
(5, '상품19', '상품19 설명입니다.', 53000, 100),
(5, '상품20', '상품20 설명입니다.', 82000, 100),
(5, '상품21', '상품21 설명입니다.', 92000, 100),
(5, '상품22', '상품22 설명입니다.', 99000, 100),
(6, '상품23', '상품23 설명입니다.', 50000, 100),
(6, '상품24', '상품24 설명입니다.', 37000, 100),
(6, '상품25', '상품25 설명입니다.', 31000, 100),
(7, '상품26', '상품26 설명입니다.', 73000, 100),
(7, '상품27', '상품27 설명입니다.', 71000, 100),
(7, '상품28', '상품28 설명입니다.', 58000, 100),
(7, '상품29', '상품29 설명입니다.', 70000, 100),
(7, '상품30', '상품30 설명입니다.', 54000, 100),
(8, '상품31', '상품31 설명입니다.', 28000, 100),
(8, '상품32', '상품32 설명입니다.', 24000, 100),
(8, '상품33', '상품33 설명입니다.', 28000, 100),
(8, '상품34', '상품34 설명입니다.', 41000, 100),
(8, '상품35', '상품35 설명입니다.', 16000, 100),
(9, '상품36', '상품36 설명입니다.', 83000, 100),
(9, '상품37', '상품37 설명입니다.', 82000, 100),
(9, '상품38', '상품38 설명입니다.', 35000, 100),
(9, '상품39', '상품39 설명입니다.', 93000, 100),
(10, '상품40', '상품40 설명입니다.', 81000, 100),
(10, '상품41', '상품41 설명입니다.', 97000, 100),
(10, '상품42', '상품42 설명입니다.', 68000, 100),
(10, '상품43', '상품43 설명입니다.', 23000, 100),
(10, '상품44', '상품44 설명입니다.', 94000, 100),
(11, '상품45', '상품45 설명입니다.', 80000, 100),
(11, '상품46', '상품46 설명입니다.', 19000, 100),
(11, '상품47', '상품47 설명입니다.', 82000, 100),
(12, '상품48', '상품48 설명입니다.', 45000, 100),
(12, '상품49', '상품49 설명입니다.', 22000, 100),
(12, '상품50', '상품50 설명입니다.', 49000, 100),
(12, '상품51', '상품51 설명입니다.', 87000, 100),
(12, '상품52', '상품52 설명입니다.', 17000, 100),
(13, '상품53', '상품53 설명입니다.', 33000, 100),
(13, '상품54', '상품54 설명입니다.', 40000, 100),
(13, '상품55', '상품55 설명입니다.', 11000, 100),
(14, '상품56', '상품56 설명입니다.', 99000, 100),
(14, '상품57', '상품57 설명입니다.', 43000, 100),
(14, '상품58', '상품58 설명입니다.', 97000, 100),
(14, '상품59', '상품59 설명입니다.', 11000, 100),
(14, '상품60', '상품60 설명입니다.', 37000, 100),
(15, '상품61', '상품61 설명입니다.', 40000, 100),
(15, '상품62', '상품62 설명입니다.', 75000, 100),
(15, '상품63', '상품63 설명입니다.', 31000, 100),
(15, '상품64', '상품64 설명입니다.', 18000, 100),
(15, '상품65', '상품65 설명입니다.', 41000, 100),
(16, '상품66', '상품66 설명입니다.', 46000, 100),
(16, '상품67', '상품67 설명입니다.', 92000, 100),
(16, '상품68', '상품68 설명입니다.', 74000, 100),
(16, '상품69', '상품69 설명입니다.', 93000, 100),
(17, '상품70', '상품70 설명입니다.', 15000, 100),
(17, '상품71', '상품71 설명입니다.', 98000, 100),
(17, '상품72', '상품72 설명입니다.', 47000, 100),
(17, '상품73', '상품73 설명입니다.', 42000, 100),
(17, '상품74', '상품74 설명입니다.', 49000, 100),
(18, '상품75', '상품75 설명입니다.', 88000, 100),
(18, '상품76', '상품76 설명입니다.', 27000, 100),
(18, '상품77', '상품77 설명입니다.', 36000, 100),
(18, '상품78', '상품78 설명입니다.', 38000, 100),
(19, '상품79', '상품79 설명입니다.', 62000, 100),
(19, '상품80', '상품80 설명입니다.', 75000, 100),
(19, '상품81', '상품81 설명입니다.', 49000, 100),
(19, '상품82', '상품82 설명입니다.', 48000, 100),
(20, '상품83', '상품83 설명입니다.', 22000, 100),
(20, '상품84', '상품84 설명입니다.', 93000, 100),
(20, '상품85', '상품85 설명입니다.', 57000, 100),
(20, '상품86', '상품86 설명입니다.', 89000, 100),
(21, '상품87', '상품87 설명입니다.', 55000, 100),
(21, '상품88', '상품88 설명입니다.', 60000, 100),
(21, '상품89', '상품89 설명입니다.', 89000, 100),
(22, '상품90', '상품90 설명입니다.', 66000, 100),
(22, '상품91', '상품91 설명입니다.', 27000, 100),
(22, '상품92', '상품92 설명입니다.', 45000, 100),
(22, '상품93', '상품93 설명입니다.', 86000, 100),
(23, '상품94', '상품94 설명입니다.', 44000, 100),
(23, '상품95', '상품95 설명입니다.', 71000, 100),
(23, '상품96', '상품96 설명입니다.', 34000, 100),
(23, '상품97', '상품97 설명입니다.', 47000, 100),
(23, '상품98', '상품98 설명입니다.', 16000, 100),
(24, '상품99', '상품99 설명입니다.', 53000, 100),
(24, '상품100', '상품100 설명입니다.', 78000, 100),
(24, '상품101', '상품101 설명입니다.', 23000, 100),
(25, '상품102', '상품102 설명입니다.', 47000, 100),
(25, '상품103', '상품103 설명입니다.', 78000, 100),
(25, '상품104', '상품104 설명입니다.', 31000, 100),
(25, '상품105', '상품105 설명입니다.', 21000, 100),
(26, '상품106', '상품106 설명입니다.', 42000, 100),
(26, '상품107', '상품107 설명입니다.', 87000, 100),
(26, '상품108', '상품108 설명입니다.', 38000, 100),
(26, '상품109', '상품109 설명입니다.', 47000, 100),
(27, '상품110', '상품110 설명입니다.', 90000, 100),
(27, '상품111', '상품111 설명입니다.', 10000, 100),
(27, '상품112', '상품112 설명입니다.', 90000, 100),
(28, '상품113', '상품113 설명입니다.', 31000, 100),
(28, '상품114', '상품114 설명입니다.', 57000, 100),
(28, '상품115', '상품115 설명입니다.', 97000, 100),
(29, '상품116', '상품116 설명입니다.', 58000, 100),
(29, '상품117', '상품117 설명입니다.', 16000, 100),
(29, '상품118', '상품118 설명입니다.', 66000, 100),
(29, '상품119', '상품119 설명입니다.', 74000, 100),
(30, '상품120', '상품120 설명입니다.', 85000, 100),
(30, '상품121', '상품121 설명입니다.', 28000, 100),
(30, '상품122', '상품122 설명입니다.', 44000, 100),
(30, '상품123', '상품123 설명입니다.', 41000, 100),
(30, '상품124', '상품124 설명입니다.', 59000, 100),
(31, '상품125', '상품125 설명입니다.', 19000, 100),
(31, '상품126', '상품126 설명입니다.', 46000, 100),
(31, '상품127', '상품127 설명입니다.', 50000, 100),
(32, '상품128', '상품128 설명입니다.', 11000, 100),
(32, '상품129', '상품129 설명입니다.', 92000, 100),
(32, '상품130', '상품130 설명입니다.', 11000, 100),
(32, '상품131', '상품131 설명입니다.', 58000, 100),
(33, '상품132', '상품132 설명입니다.', 22000, 100),
(33, '상품133', '상품133 설명입니다.', 99000, 100),
(33, '상품134', '상품134 설명입니다.', 42000, 100),
(33, '상품135', '상품135 설명입니다.', 89000, 100),
(33, '상품136', '상품136 설명입니다.', 92000, 100),
(34, '상품137', '상품137 설명입니다.', 69000, 100),
(34, '상품138', '상품138 설명입니다.', 39000, 100),
(34, '상품139', '상품139 설명입니다.', 17000, 100),
(34, '상품140', '상품140 설명입니다.', 88000, 100),
(34, '상품141', '상품141 설명입니다.', 91000, 100),
(35, '상품142', '상품142 설명입니다.', 30000, 100),
(35, '상품143', '상품143 설명입니다.', 36000, 100),
(35, '상품144', '상품144 설명입니다.', 16000, 100),
(35, '상품145', '상품145 설명입니다.', 99000, 100),
(36, '상품146', '상품146 설명입니다.', 92000, 100),
(36, '상품147', '상품147 설명입니다.', 10000, 100),
(36, '상품148', '상품148 설명입니다.', 62000, 100),
(36, '상품149', '상품149 설명입니다.', 53000, 100),
(37, '상품150', '상품150 설명입니다.', 26000, 100),
(37, '상품151', '상품151 설명입니다.', 88000, 100),
(37, '상품152', '상품152 설명입니다.', 70000, 100),
(37, '상품153', '상품153 설명입니다.', 68000, 100),
(38, '상품154', '상품154 설명입니다.', 11000, 100),
(38, '상품155', '상품155 설명입니다.', 80000, 100),
(38, '상품156', '상품156 설명입니다.', 92000, 100),
(39, '상품157', '상품157 설명입니다.', 13000, 100),
(39, '상품158', '상품158 설명입니다.', 34000, 100),
(39, '상품159', '상품159 설명입니다.', 81000, 100),
(39, '상품160', '상품160 설명입니다.', 84000, 100),
(39, '상품161', '상품161 설명입니다.', 36000, 100),
(40, '상품162', '상품162 설명입니다.', 92000, 100),
(40, '상품163', '상품163 설명입니다.', 54000, 100),
(40, '상품164', '상품164 설명입니다.', 75000, 100),
(41, '상품165', '상품165 설명입니다.', 27000, 100),
(41, '상품166', '상품166 설명입니다.', 99000, 100),
(41, '상품167', '상품167 설명입니다.', 90000, 100),
(42, '상품168', '상품168 설명입니다.', 39000, 100),
(42, '상품169', '상품169 설명입니다.', 79000, 100),
(42, '상품170', '상품170 설명입니다.', 71000, 100),
(43, '상품171', '상품171 설명입니다.', 22000, 100),
(43, '상품172', '상품172 설명입니다.', 66000, 100),
(43, '상품173', '상품173 설명입니다.', 72000, 100),
(43, '상품174', '상품174 설명입니다.', 41000, 100),
(43, '상품175', '상품175 설명입니다.', 12000, 100),
(44, '상품176', '상품176 설명입니다.', 16000, 100),
(44, '상품177', '상품177 설명입니다.', 47000, 100),
(44, '상품178', '상품178 설명입니다.', 10000, 100),
(45, '상품179', '상품179 설명입니다.', 61000, 100),
(45, '상품180', '상품180 설명입니다.', 20000, 100),
(45, '상품181', '상품181 설명입니다.', 33000, 100),
(45, '상품182', '상품182 설명입니다.', 74000, 100),
(46, '상품183', '상품183 설명입니다.', 26000, 100),
(46, '상품184', '상품184 설명입니다.', 53000, 100),
(46, '상품185', '상품185 설명입니다.', 58000, 100),
(46, '상품186', '상품186 설명입니다.', 87000, 100),
(46, '상품187', '상품187 설명입니다.', 82000, 100),
(47, '상품188', '상품188 설명입니다.', 66000, 100),
(47, '상품189', '상품189 설명입니다.', 70000, 100),
(47, '상품190', '상품190 설명입니다.', 83000, 100),
(47, '상품191', '상품191 설명입니다.', 50000, 100),
(48, '상품192', '상품192 설명입니다.', 100000, 100),
(48, '상품193', '상품193 설명입니다.', 71000, 100),
(48, '상품194', '상품194 설명입니다.', 63000, 100),
(49, '상품195', '상품195 설명입니다.', 76000, 100),
(49, '상품196', '상품196 설명입니다.', 28000, 100),
(49, '상품197', '상품197 설명입니다.', 67000, 100),
(49, '상품198', '상품198 설명입니다.', 22000, 100),
(49, '상품199', '상품199 설명입니다.', 77000, 100),
(50, '상품200', '상품200 설명입니다.', 60000, 100),
(50, '상품201', '상품201 설명입니다.', 10000, 100),
(50, '상품202', '상품202 설명입니다.', 21000, 100),
(50, '상품203', '상품203 설명입니다.', 57000, 100),
(51, '상품204', '상품204 설명입니다.', 58000, 100),
(51, '상품205', '상품205 설명입니다.', 85000, 100),
(51, '상품206', '상품206 설명입니다.', 24000, 100),
(52, '상품207', '상품207 설명입니다.', 83000, 100),
(52, '상품208', '상품208 설명입니다.', 12000, 100),
(52, '상품209', '상품209 설명입니다.', 33000, 100),
(52, '상품210', '상품210 설명입니다.', 32000, 100),
(53, '상품211', '상품211 설명입니다.', 89000, 100),
(53, '상품212', '상품212 설명입니다.', 46000, 100),
(53, '상품213', '상품213 설명입니다.', 74000, 100),
(53, '상품214', '상품214 설명입니다.', 78000, 100),
(53, '상품215', '상품215 설명입니다.', 27000, 100),
(54, '상품216', '상품216 설명입니다.', 34000, 100),
(54, '상품217', '상품217 설명입니다.', 39000, 100),
(54, '상품218', '상품218 설명입니다.', 33000, 100),
(55, '상품219', '상품219 설명입니다.', 23000, 100),
(55, '상품220', '상품220 설명입니다.', 48000, 100),
(55, '상품221', '상품221 설명입니다.', 64000, 100),
(56, '상품222', '상품222 설명입니다.', 96000, 100),
(56, '상품223', '상품223 설명입니다.', 51000, 100),
(56, '상품224', '상품224 설명입니다.', 16000, 100),
(57, '상품225', '상품225 설명입니다.', 97000, 100),
(57, '상품226', '상품226 설명입니다.', 74000, 100),
(57, '상품227', '상품227 설명입니다.', 95000, 100),
(57, '상품228', '상품228 설명입니다.', 64000, 100),
(58, '상품229', '상품229 설명입니다.', 38000, 100),
(58, '상품230', '상품230 설명입니다.', 77000, 100),
(58, '상품231', '상품231 설명입니다.', 55000, 100),
(59, '상품232', '상품232 설명입니다.', 32000, 100),
(59, '상품233', '상품233 설명입니다.', 79000, 100),
(59, '상품234', '상품234 설명입니다.', 58000, 100),
(59, '상품235', '상품235 설명입니다.', 96000, 100),
(59, '상품236', '상품236 설명입니다.', 10000, 100),
(60, '상품237', '상품237 설명입니다.', 58000, 100),
(60, '상품238', '상품238 설명입니다.', 36000, 100),
(60, '상품239', '상품239 설명입니다.', 91000, 100),
(61, '상품240', '상품240 설명입니다.', 38000, 100),
(61, '상품241', '상품241 설명입니다.', 34000, 100),
(61, '상품242', '상품242 설명입니다.', 61000, 100),
(61, '상품243', '상품243 설명입니다.', 31000, 100),
(62, '상품244', '상품244 설명입니다.', 91000, 100),
(62, '상품245', '상품245 설명입니다.', 28000, 100),
(62, '상품246', '상품246 설명입니다.', 69000, 100),
(63, '상품247', '상품247 설명입니다.', 83000, 100),
(63, '상품248', '상품248 설명입니다.', 47000, 100),
(63, '상품249', '상품249 설명입니다.', 23000, 100),
(63, '상품250', '상품250 설명입니다.', 15000, 100),
(63, '상품251', '상품251 설명입니다.', 57000, 100),
(64, '상품252', '상품252 설명입니다.', 98000, 100),
(64, '상품253', '상품253 설명입니다.', 35000, 100),
(64, '상품254', '상품254 설명입니다.', 26000, 100),
(64, '상품255', '상품255 설명입니다.', 88000, 100),
(64, '상품256', '상품256 설명입니다.', 74000, 100),
(65, '상품257', '상품257 설명입니다.', 14000, 100),
(65, '상품258', '상품258 설명입니다.', 67000, 100),
(65, '상품259', '상품259 설명입니다.', 94000, 100),
(66, '상품260', '상품260 설명입니다.', 95000, 100),
(66, '상품261', '상품261 설명입니다.', 62000, 100),
(66, '상품262', '상품262 설명입니다.', 58000, 100),
(66, '상품263', '상품263 설명입니다.', 74000, 100),
(66, '상품264', '상품264 설명입니다.', 100000, 100),
(67, '상품265', '상품265 설명입니다.', 61000, 100),
(67, '상품266', '상품266 설명입니다.', 38000, 100),
(67, '상품267', '상품267 설명입니다.', 38000, 100),
(67, '상품268', '상품268 설명입니다.', 43000, 100),
(67, '상품269', '상품269 설명입니다.', 47000, 100),
(68, '상품270', '상품270 설명입니다.', 16000, 100),
(68, '상품271', '상품271 설명입니다.', 20000, 100),
(68, '상품272', '상품272 설명입니다.', 67000, 100),
(68, '상품273', '상품273 설명입니다.', 28000, 100),
(68, '상품274', '상품274 설명입니다.', 49000, 100),
(69, '상품275', '상품275 설명입니다.', 44000, 100),
(69, '상품276', '상품276 설명입니다.', 42000, 100),
(69, '상품277', '상품277 설명입니다.', 45000, 100),
(69, '상품278', '상품278 설명입니다.', 11000, 100),
(70, '상품279', '상품279 설명입니다.', 79000, 100),
(70, '상품280', '상품280 설명입니다.', 74000, 100),
(70, '상품281', '상품281 설명입니다.', 11000, 100),
(71, '상품282', '상품282 설명입니다.', 38000, 100),
(71, '상품283', '상품283 설명입니다.', 63000, 100),
(71, '상품284', '상품284 설명입니다.', 71000, 100),
(71, '상품285', '상품285 설명입니다.', 74000, 100),
(71, '상품286', '상품286 설명입니다.', 93000, 100),
(72, '상품287', '상품287 설명입니다.', 34000, 100),
(72, '상품288', '상품288 설명입니다.', 97000, 100),
(72, '상품289', '상품289 설명입니다.', 92000, 100),
(72, '상품290', '상품290 설명입니다.', 80000, 100),
(73, '상품291', '상품291 설명입니다.', 37000, 100),
(73, '상품292', '상품292 설명입니다.', 57000, 100),
(73, '상품293', '상품293 설명입니다.', 74000, 100),
(73, '상품294', '상품294 설명입니다.', 41000, 100),
(73, '상품295', '상품295 설명입니다.', 64000, 100),
(74, '상품296', '상품296 설명입니다.', 69000, 100),
(74, '상품297', '상품297 설명입니다.', 67000, 100),
(74, '상품298', '상품298 설명입니다.', 90000, 100),
(75, '상품299', '상품299 설명입니다.', 82000, 100),
(75, '상품300', '상품300 설명입니다.', 60000, 100),
(75, '상품301', '상품301 설명입니다.', 86000, 100),
(76, '상품302', '상품302 설명입니다.', 37000, 100),
(76, '상품303', '상품303 설명입니다.', 83000, 100),
(76, '상품304', '상품304 설명입니다.', 28000, 100),
(76, '상품305', '상품305 설명입니다.', 16000, 100),
(77, '상품306', '상품306 설명입니다.', 74000, 100),
(77, '상품307', '상품307 설명입니다.', 94000, 100),
(77, '상품308', '상품308 설명입니다.', 13000, 100),
(77, '상품309', '상품309 설명입니다.', 53000, 100),
(78, '상품310', '상품310 설명입니다.', 60000, 100),
(78, '상품311', '상품311 설명입니다.', 84000, 100),
(78, '상품312', '상품312 설명입니다.', 50000, 100),
(79, '상품313', '상품313 설명입니다.', 99000, 100),
(79, '상품314', '상품314 설명입니다.', 41000, 100),
(79, '상품315', '상품315 설명입니다.', 17000, 100),
(79, '상품316', '상품316 설명입니다.', 38000, 100),
(79, '상품317', '상품317 설명입니다.', 85000, 100),
(80, '상품318', '상품318 설명입니다.', 27000, 100),
(80, '상품319', '상품319 설명입니다.', 24000, 100),
(80, '상품320', '상품320 설명입니다.', 73000, 100),
(80, '상품321', '상품321 설명입니다.', 68000, 100),
(80, '상품322', '상품322 설명입니다.', 20000, 100),
(81, '상품323', '상품323 설명입니다.', 64000, 100),
(81, '상품324', '상품324 설명입니다.', 26000, 100),
(81, '상품325', '상품325 설명입니다.', 100000, 100),
(81, '상품326', '상품326 설명입니다.', 60000, 100),
(82, '상품327', '상품327 설명입니다.', 46000, 100),
(82, '상품328', '상품328 설명입니다.', 32000, 100),
(82, '상품329', '상품329 설명입니다.', 79000, 100),
(83, '상품330', '상품330 설명입니다.', 90000, 100),
(83, '상품331', '상품331 설명입니다.', 19000, 100),
(83, '상품332', '상품332 설명입니다.', 43000, 100),
(84, '상품333', '상품333 설명입니다.', 77000, 100),
(84, '상품334', '상품334 설명입니다.', 32000, 100),
(84, '상품335', '상품335 설명입니다.', 50000, 100),
(84, '상품336', '상품336 설명입니다.', 44000, 100),
(85, '상품337', '상품337 설명입니다.', 61000, 100),
(85, '상품338', '상품338 설명입니다.', 23000, 100),
(85, '상품339', '상품339 설명입니다.', 81000, 100),
(86, '상품340', '상품340 설명입니다.', 52000, 100),
(86, '상품341', '상품341 설명입니다.', 39000, 100),
(86, '상품342', '상품342 설명입니다.', 33000, 100),
(86, '상품343', '상품343 설명입니다.', 99000, 100),
(86, '상품344', '상품344 설명입니다.', 69000, 100),
(87, '상품345', '상품345 설명입니다.', 89000, 100),
(87, '상품346', '상품346 설명입니다.', 76000, 100),
(87, '상품347', '상품347 설명입니다.', 18000, 100),
(88, '상품348', '상품348 설명입니다.', 96000, 100),
(88, '상품349', '상품349 설명입니다.', 15000, 100),
(88, '상품350', '상품350 설명입니다.', 38000, 100),
(88, '상품351', '상품351 설명입니다.', 11000, 100),
(89, '상품352', '상품352 설명입니다.', 19000, 100),
(89, '상품353', '상품353 설명입니다.', 50000, 100),
(89, '상품354', '상품354 설명입니다.', 43000, 100),
(89, '상품355', '상품355 설명입니다.', 48000, 100),
(89, '상품356', '상품356 설명입니다.', 24000, 100),
(90, '상품357', '상품357 설명입니다.', 68000, 100),
(90, '상품358', '상품358 설명입니다.', 76000, 100),
(90, '상품359', '상품359 설명입니다.', 95000, 100),
(90, '상품360', '상품360 설명입니다.', 98000, 100),
(90, '상품361', '상품361 설명입니다.', 10000, 100),
(91, '상품362', '상품362 설명입니다.', 41000, 100),
(91, '상품363', '상품363 설명입니다.', 92000, 100),
(91, '상품364', '상품364 설명입니다.', 19000, 100),
(92, '상품365', '상품365 설명입니다.', 93000, 100),
(92, '상품366', '상품366 설명입니다.', 88000, 100),
(92, '상품367', '상품367 설명입니다.', 87000, 100),
(92, '상품368', '상품368 설명입니다.', 23000, 100),
(92, '상품369', '상품369 설명입니다.', 31000, 100),
(93, '상품370', '상품370 설명입니다.', 58000, 100),
(93, '상품371', '상품371 설명입니다.', 23000, 100),
(93, '상품372', '상품372 설명입니다.', 67000, 100),
(94, '상품373', '상품373 설명입니다.', 79000, 100),
(94, '상품374', '상품374 설명입니다.', 77000, 100),
(94, '상품375', '상품375 설명입니다.', 91000, 100),
(95, '상품376', '상품376 설명입니다.', 11000, 100),
(95, '상품377', '상품377 설명입니다.', 46000, 100),
(95, '상품378', '상품378 설명입니다.', 77000, 100),
(96, '상품379', '상품379 설명입니다.', 87000, 100),
(96, '상품380', '상품380 설명입니다.', 55000, 100),
(96, '상품381', '상품381 설명입니다.', 22000, 100),
(97, '상품382', '상품382 설명입니다.', 49000, 100),
(97, '상품383', '상품383 설명입니다.', 96000, 100),
(97, '상품384', '상품384 설명입니다.', 43000, 100),
(97, '상품385', '상품385 설명입니다.', 17000, 100),
(98, '상품386', '상품386 설명입니다.', 89000, 100),
(98, '상품387', '상품387 설명입니다.', 52000, 100),
(98, '상품388', '상품388 설명입니다.', 66000, 100),
(99, '상품389', '상품389 설명입니다.', 52000, 100),
(99, '상품390', '상품390 설명입니다.', 37000, 100),
(99, '상품391', '상품391 설명입니다.', 45000, 100),
(99, '상품392', '상품392 설명입니다.', 69000, 100),
(99, '상품393', '상품393 설명입니다.', 29000, 100),
(100, '상품394', '상품394 설명입니다.', 16000, 100),
(100, '상품395', '상품395 설명입니다.', 98000, 100),
(100, '상품396', '상품396 설명입니다.', 45000, 100),
(100, '상품397', '상품397 설명입니다.', 30000, 100),
(101, '상품398', '상품398 설명입니다.', 67000, 100),
(101, '상품399', '상품399 설명입니다.', 42000, 100),
(101, '상품400', '상품400 설명입니다.', 87000, 100),
(101, '상품401', '상품401 설명입니다.', 26000, 100),
(102, '상품402', '상품402 설명입니다.', 84000, 100),
(102, '상품403', '상품403 설명입니다.', 24000, 100),
(102, '상품404', '상품404 설명입니다.', 71000, 100),
(102, '상품405', '상품405 설명입니다.', 51000, 100),
(102, '상품406', '상품406 설명입니다.', 95000, 100),
(103, '상품407', '상품407 설명입니다.', 48000, 100),
(103, '상품408', '상품408 설명입니다.', 82000, 100),
(103, '상품409', '상품409 설명입니다.', 66000, 100),
(103, '상품410', '상품410 설명입니다.', 32000, 100),
(104, '상품411', '상품411 설명입니다.', 82000, 100),
(104, '상품412', '상품412 설명입니다.', 15000, 100),
(104, '상품413', '상품413 설명입니다.', 73000, 100),
(104, '상품414', '상품414 설명입니다.', 97000, 100),
(104, '상품415', '상품415 설명입니다.', 91000, 100),
(105, '상품416', '상품416 설명입니다.', 57000, 100),
(105, '상품417', '상품417 설명입니다.', 41000, 100),
(105, '상품418', '상품418 설명입니다.', 23000, 100),
(105, '상품419', '상품419 설명입니다.', 29000, 100),
(106, '상품420', '상품420 설명입니다.', 45000, 100),
(106, '상품421', '상품421 설명입니다.', 55000, 100),
(106, '상품422', '상품422 설명입니다.', 72000, 100),
(106, '상품423', '상품423 설명입니다.', 19000, 100),
(106, '상품424', '상품424 설명입니다.', 68000, 100),
(107, '상품425', '상품425 설명입니다.', 64000, 100),
(107, '상품426', '상품426 설명입니다.', 36000, 100),
(107, '상품427', '상품427 설명입니다.', 98000, 100),
(108, '상품428', '상품428 설명입니다.', 69000, 100),
(108, '상품429', '상품429 설명입니다.', 37000, 100),
(108, '상품430', '상품430 설명입니다.', 31000, 100),
(109, '상품431', '상품431 설명입니다.', 82000, 100),
(109, '상품432', '상품432 설명입니다.', 38000, 100),
(109, '상품433', '상품433 설명입니다.', 73000, 100),
(109, '상품434', '상품434 설명입니다.', 57000, 100),
(110, '상품435', '상품435 설명입니다.', 20000, 100),
(110, '상품436', '상품436 설명입니다.', 36000, 100),
(110, '상품437', '상품437 설명입니다.', 96000, 100),
(111, '상품438', '상품438 설명입니다.', 26000, 100),
(111, '상품439', '상품439 설명입니다.', 26000, 100),
(111, '상품440', '상품440 설명입니다.', 75000, 100),
(112, '상품441', '상품441 설명입니다.', 21000, 100),
(112, '상품442', '상품442 설명입니다.', 61000, 100),
(112, '상품443', '상품443 설명입니다.', 26000, 100),
(113, '상품444', '상품444 설명입니다.', 17000, 100),
(113, '상품445', '상품445 설명입니다.', 68000, 100),
(113, '상품446', '상품446 설명입니다.', 39000, 100),
(114, '상품447', '상품447 설명입니다.', 15000, 100),
(114, '상품448', '상품448 설명입니다.', 42000, 100),
(114, '상품449', '상품449 설명입니다.', 59000, 100),
(114, '상품450', '상품450 설명입니다.', 39000, 100),
(114, '상품451', '상품451 설명입니다.', 97000, 100),
(115, '상품452', '상품452 설명입니다.', 60000, 100),
(115, '상품453', '상품453 설명입니다.', 43000, 100),
(115, '상품454', '상품454 설명입니다.', 57000, 100),
(115, '상품455', '상품455 설명입니다.', 39000, 100),
(116, '상품456', '상품456 설명입니다.', 12000, 100),
(116, '상품457', '상품457 설명입니다.', 26000, 100),
(116, '상품458', '상품458 설명입니다.', 39000, 100),
(116, '상품459', '상품459 설명입니다.', 73000, 100),
(117, '상품460', '상품460 설명입니다.', 43000, 100),
(117, '상품461', '상품461 설명입니다.', 48000, 100),
(117, '상품462', '상품462 설명입니다.', 66000, 100),
(117, '상품463', '상품463 설명입니다.', 19000, 100),
(117, '상품464', '상품464 설명입니다.', 42000, 100),
(118, '상품465', '상품465 설명입니다.', 15000, 100),
(118, '상품466', '상품466 설명입니다.', 80000, 100),
(118, '상품467', '상품467 설명입니다.', 78000, 100),
(118, '상품468', '상품468 설명입니다.', 28000, 100),
(118, '상품469', '상품469 설명입니다.', 99000, 100),
(119, '상품470', '상품470 설명입니다.', 11000, 100),
(119, '상품471', '상품471 설명입니다.', 31000, 100),
(119, '상품472', '상품472 설명입니다.', 98000, 100),
(119, '상품473', '상품473 설명입니다.', 34000, 100),
(120, '상품474', '상품474 설명입니다.', 50000, 100),
(120, '상품475', '상품475 설명입니다.', 57000, 100),
(120, '상품476', '상품476 설명입니다.', 50000, 100),
(121, '상품477', '상품477 설명입니다.', 46000, 100),
(121, '상품478', '상품478 설명입니다.', 69000, 100),
(121, '상품479', '상품479 설명입니다.', 44000, 100),
(121, '상품480', '상품480 설명입니다.', 73000, 100),
(121, '상품481', '상품481 설명입니다.', 49000, 100),
(122, '상품482', '상품482 설명입니다.', 83000, 100),
(122, '상품483', '상품483 설명입니다.', 12000, 100),
(122, '상품484', '상품484 설명입니다.', 92000, 100),
(122, '상품485', '상품485 설명입니다.', 37000, 100),
(123, '상품486', '상품486 설명입니다.', 55000, 100),
(123, '상품487', '상품487 설명입니다.', 28000, 100),
(123, '상품488', '상품488 설명입니다.', 96000, 100),
(123, '상품489', '상품489 설명입니다.', 64000, 100),
(123, '상품490', '상품490 설명입니다.', 91000, 100),
(124, '상품491', '상품491 설명입니다.', 26000, 100),
(124, '상품492', '상품492 설명입니다.', 98000, 100),
(124, '상품493', '상품493 설명입니다.', 21000, 100),
(124, '상품494', '상품494 설명입니다.', 75000, 100),
(125, '상품495', '상품495 설명입니다.', 28000, 100),
(125, '상품496', '상품496 설명입니다.', 21000, 100),
(125, '상품497', '상품497 설명입니다.', 69000, 100),
(126, '상품498', '상품498 설명입니다.', 34000, 100),
(126, '상품499', '상품499 설명입니다.', 28000, 100),
(126, '상품500', '상품500 설명입니다.', 76000, 100),
(126, '상품501', '상품501 설명입니다.', 98000, 100),
(127, '상품502', '상품502 설명입니다.', 13000, 100),
(127, '상품503', '상품503 설명입니다.', 100000, 100),
(127, '상품504', '상품504 설명입니다.', 25000, 100),
(128, '상품505', '상품505 설명입니다.', 18000, 100),
(128, '상품506', '상품506 설명입니다.', 22000, 100),
(128, '상품507', '상품507 설명입니다.', 83000, 100),
(128, '상품508', '상품508 설명입니다.', 10000, 100),
(129, '상품509', '상품509 설명입니다.', 100000, 100),
(129, '상품510', '상품510 설명입니다.', 37000, 100),
(129, '상품511', '상품511 설명입니다.', 77000, 100),
(130, '상품512', '상품512 설명입니다.', 44000, 100),
(130, '상품513', '상품513 설명입니다.', 60000, 100),
(130, '상품514', '상품514 설명입니다.', 87000, 100),
(131, '상품515', '상품515 설명입니다.', 36000, 100),
(131, '상품516', '상품516 설명입니다.', 16000, 100),
(131, '상품517', '상품517 설명입니다.', 15000, 100),
(131, '상품518', '상품518 설명입니다.', 26000, 100),
(132, '상품519', '상품519 설명입니다.', 60000, 100),
(132, '상품520', '상품520 설명입니다.', 98000, 100),
(132, '상품521', '상품521 설명입니다.', 30000, 100),
(133, '상품522', '상품522 설명입니다.', 11000, 100),
(133, '상품523', '상품523 설명입니다.', 61000, 100),
(133, '상품524', '상품524 설명입니다.', 87000, 100),
(133, '상품525', '상품525 설명입니다.', 81000, 100),
(134, '상품526', '상품526 설명입니다.', 90000, 100),
(134, '상품527', '상품527 설명입니다.', 69000, 100),
(134, '상품528', '상품528 설명입니다.', 65000, 100),
(134, '상품529', '상품529 설명입니다.', 53000, 100),
(135, '상품530', '상품530 설명입니다.', 56000, 100),
(135, '상품531', '상품531 설명입니다.', 93000, 100),
(135, '상품532', '상품532 설명입니다.', 87000, 100),
(135, '상품533', '상품533 설명입니다.', 59000, 100),
(136, '상품534', '상품534 설명입니다.', 98000, 100),
(136, '상품535', '상품535 설명입니다.', 18000, 100),
(136, '상품536', '상품536 설명입니다.', 23000, 100),
(137, '상품537', '상품537 설명입니다.', 72000, 100),
(137, '상품538', '상품538 설명입니다.', 95000, 100),
(137, '상품539', '상품539 설명입니다.', 54000, 100),
(137, '상품540', '상품540 설명입니다.', 24000, 100),
(137, '상품541', '상품541 설명입니다.', 72000, 100),
(138, '상품542', '상품542 설명입니다.', 14000, 100),
(138, '상품543', '상품543 설명입니다.', 80000, 100),
(138, '상품544', '상품544 설명입니다.', 92000, 100),
(138, '상품545', '상품545 설명입니다.', 82000, 100),
(139, '상품546', '상품546 설명입니다.', 75000, 100),
(139, '상품547', '상품547 설명입니다.', 71000, 100),
(139, '상품548', '상품548 설명입니다.', 100000, 100),
(139, '상품549', '상품549 설명입니다.', 82000, 100),
(140, '상품550', '상품550 설명입니다.', 31000, 100),
(140, '상품551', '상품551 설명입니다.', 91000, 100),
(140, '상품552', '상품552 설명입니다.', 43000, 100),
(141, '상품553', '상품553 설명입니다.', 94000, 100),
(141, '상품554', '상품554 설명입니다.', 96000, 100),
(141, '상품555', '상품555 설명입니다.', 16000, 100),
(141, '상품556', '상품556 설명입니다.', 15000, 100),
(141, '상품557', '상품557 설명입니다.', 28000, 100),
(142, '상품558', '상품558 설명입니다.', 21000, 100),
(142, '상품559', '상품559 설명입니다.', 67000, 100),
(142, '상품560', '상품560 설명입니다.', 65000, 100),
(142, '상품561', '상품561 설명입니다.', 33000, 100),
(143, '상품562', '상품562 설명입니다.', 58000, 100),
(143, '상품563', '상품563 설명입니다.', 65000, 100),
(143, '상품564', '상품564 설명입니다.', 10000, 100),
(143, '상품565', '상품565 설명입니다.', 52000, 100),
(144, '상품566', '상품566 설명입니다.', 65000, 100),
(144, '상품567', '상품567 설명입니다.', 63000, 100),
(144, '상품568', '상품568 설명입니다.', 23000, 100),
(145, '상품569', '상품569 설명입니다.', 24000, 100),
(145, '상품570', '상품570 설명입니다.', 35000, 100),
(145, '상품571', '상품571 설명입니다.', 25000, 100),
(146, '상품572', '상품572 설명입니다.', 44000, 100),
(146, '상품573', '상품573 설명입니다.', 100000, 100),
(146, '상품574', '상품574 설명입니다.', 43000, 100),
(146, '상품575', '상품575 설명입니다.', 77000, 100),
(147, '상품576', '상품576 설명입니다.', 40000, 100),
(147, '상품577', '상품577 설명입니다.', 57000, 100),
(147, '상품578', '상품578 설명입니다.', 35000, 100),
(148, '상품579', '상품579 설명입니다.', 94000, 100),
(148, '상품580', '상품580 설명입니다.', 55000, 100),
(148, '상품581', '상품581 설명입니다.', 66000, 100),
(148, '상품582', '상품582 설명입니다.', 54000, 100),
(149, '상품583', '상품583 설명입니다.', 58000, 100),
(149, '상품584', '상품584 설명입니다.', 62000, 100),
(149, '상품585', '상품585 설명입니다.', 75000, 100),
(149, '상품586', '상품586 설명입니다.', 95000, 100),
(150, '상품587', '상품587 설명입니다.', 95000, 100),
(150, '상품588', '상품588 설명입니다.', 65000, 100),
(150, '상품589', '상품589 설명입니다.', 71000, 100);




INSERT INTO orders (id, user_id, project_id, delivery_info_id, quantity, total_price, status, is_settled, ordered_at) VALUES
(1, 1, 1, 1, 3, 130000, 'ORDERED', false, '2025-06-01T10:00:00'),
(2, 1, 1, 1, 2, 30000, 'ORDERED', false, '2025-06-02T12:00:00'),
(3, 2, 2, 2, 4, 252000, 'ORDERED', false, '2025-06-03T14:00:00'),
(4, 3, 2, 3, 1, 90000, 'ORDERED', false, '2025-06-04T09:30:00'),
(5, 3, 3, 3, 2, 36000, 'ORDERED', false, '2025-06-05T09:00:00'),
(6, 4, 2, 2, 1, 40000, 'ORDERED', false, '2025-06-06T13:20:00'),
(7, 4, 4, 1, 3, 69000, 'ORDERED', false, '2025-06-07T08:00:00'),
(8, 5, 4, 4, 2, 106000, 'ORDERED', false, '2025-06-07T09:45:00'),
(9, 5, 5, 1, 1, 53000, 'ORDERED', false, '2025-06-08T11:15:00'),
(10, 2, 5, 2, 2, 114000, 'ORDERED', false, '2025-06-08T14:30:00');



INSERT INTO order_item (id, order_id, product_id, quantity, price) VALUES
-- Order 1 (project_id=1): 상품1(1개, 72000), 상품2(2개, 2*29000)
(1, 1, 1, 1, 72000),
(2, 1, 2, 2, 58000),
-- Order 2 (project_id=1): 상품3(2개, 2*15000)
(3, 2, 3, 2, 30000),
-- Order 3 (project_id=2): 상품6(2개, 2*90000), 상품7(2개, 2*36000)
(4, 3, 6, 2, 180000),
(5, 3, 7, 2, 72000),
-- Order 4 (project_id=2): 상품6(1개, 90000)
(6, 4, 6, 1, 90000),
-- Order 5 (project_id=3): 상품11(2개, 2*18000)
(7, 5, 11, 2, 36000),
-- Order 6 (project_id=2): 상품8(1개, 40000)
(8, 6, 8, 1, 40000),
-- Order 7 (project_id=4): 상품14(3개, 3*23000)
(9, 7, 14, 3, 69000),
-- Order 8 (project_id=4): 상품15(2개, 2*53000)
(10, 8, 15, 2, 106000),
-- Order 9 (project_id=5): 상품19(1개, 53000)
(11, 9, 19, 1, 53000),
-- Order 10 (project_id=5): 상품19(2개, 2*53000)
(12, 10, 19, 2, 106000);


INSERT INTO payment (id, order_id, user_id, tid, pg_token, amount_total, status, approved_at, created_at)

VALUES

(1, 2, 1, 'T1234567890', 'PGTOKEN123', 30000, 'APPROVED', '2025-06-02T12:10:00', '2025-06-02T12:00:00'),
(2, 3, 2, null, null, 252000, 'PENDING', null, '2025-06-03T14:00:00'),
(3, 4, 3, 'T9876543210', 'VALID_PG_TOKEN', 90000, 'APPROVED', '2025-06-04T10:00:00', '2025-06-04T09:30:00'),
(4, 5, 3, 'T123INVALID', 'INVALID', 36000, 'PENDING', null, '2025-06-05T09:00:00'),
(5, 6, 4, 'TTRIGGER_INTERNAL', 'TRIGGER_INTERNAL_EXCEPTION', 40000, 'PENDING', null, '2025-06-06T13:20:00'),
(6, 7, 4, 'TSHOULD_IGNORE', 'VALID_PG_TOKEN', 69000, 'APPROVED', '2025-06-07T08:30:00', '2025-06-07T08:00:00'),
(7, 8, 5, 'TSUCCESS', null, 106000, 'PENDING', null, '2025-06-07T09:45:00'),
(8, 9, 5, null, null, 53000, 'PENDING', null, '2025-06-08T11:15:00');

