

INSERT INTO image_group (id, type) VALUES
(1, 'USER'),
(2, 'USER'),
(3, 'USER'),
(4, 'USER'),
(5, 'USER'),
(6, 'USER'),
(7, 'USER'),
(8, 'USER'),
(9, 'USER'),
(10, 'USER'),
(11, 'USER'),
(12, 'USER'),
(13, 'USER'),
(14, 'USER'),
(15, 'USER'),
(16, 'USER'),
(17, 'USER'),
(18, 'USER'),
(19, 'USER'),
(20, 'USER'),
(21, 'USER'),
(22, 'USER'),
(23, 'USER'),
(24, 'USER'),
(25, 'USER'),
(26, 'USER'),
(27, 'USER'),
(28, 'USER'),
(29, 'USER'),
(30, 'USER');

ALTER TABLE image_group ALTER COLUMN id RESTART WITH 31;

INSERT INTO image (id, image_group_id, image_index, file_name, file_type, original_url) VALUES
(1, 10, 1, 'test/webp','png', '/images/71b6fe04-cca5-4281-8095-5fd739e3e18a.webp');

ALTER TABLE image ALTER COLUMN id RESTART WITH 2;


INSERT INTO "user" (id, image_group_id, email, password, nickname, role, seller_introduction, link_url) VALUES
(1, 1, 'user1@example.com', '123', 'User1', 'ROLE_ADMIN', '안녕하세요! User1입니다.', 'https://user1.example.com'),
(2, 2, 'user2@example.com', '123', 'User2', 'ROLE_USER', '안녕하세요! User2입니다.', 'https://user2.example.com'),
(3, 3, 'user3@example.com', '123', 'User3', 'ROLE_USER', '안녕하세요! User3입니다.', 'https://user3.example.com'),
(4, 4, 'user4@example.com', '123', 'User4', 'ROLE_USER', '안녕하세요! User4입니다.', 'https://user4.example.com'),
(5, 5, 'user5@example.com', '123', 'User5', 'ROLE_USER', '안녕하세요! User5입니다.', 'https://user5.example.com'),
(6, 6, 'user6@example.com', '123', 'User6', 'ROLE_USER', '안녕하세요! User6입니다.', 'https://user6.example.com'),
(7, 7, 'user7@example.com', '123', 'User7', 'ROLE_USER', '안녕하세요! User7입니다.', 'https://user7.example.com'),
(8, 8, 'user8@example.com', '123', 'User8', 'ROLE_USER', '안녕하세요! User8입니다.', 'https://user8.example.com'),
(9, 9, 'user9@example.com', '123', 'User9', 'ROLE_USER', '안녕하세요! User9입니다.', 'https://user9.example.com'),
(10, 10, 'user10@example.com', '123', 'User10', 'ROLE_USER', '안녕하세요! User10입니다.', 'https://user10.example.com'),
(11, 11, 'user11@example.com', '123', 'User11', 'ROLE_USER', '안녕하세요! User11입니다.', 'https://user11.example.com'),
(12, 12, 'user12@example.com', '123', 'User12', 'ROLE_USER', '안녕하세요! User12입니다.', 'https://user12.example.com'),
(13, 13, 'user13@example.com', '123', 'User13', 'ROLE_USER', '안녕하세요! User13입니다.', 'https://user13.example.com'),
(14, 14, 'user14@example.com', '123', 'User14', 'ROLE_USER', '안녕하세요! User14입니다.', 'https://user14.example.com'),
(15, 15, 'user15@example.com', '123', 'User15', 'ROLE_USER', '안녕하세요! User15입니다.', 'https://user15.example.com'),
(16, 16, 'user16@example.com', '123', 'User16', 'ROLE_USER', '안녕하세요! User16입니다.', 'https://user16.example.com'),
(17, 17, 'user17@example.com', '123', 'User17', 'ROLE_USER', '안녕하세요! User17입니다.', 'https://user17.example.com'),
(18, 18, 'user18@example.com', '123', 'User18', 'ROLE_USER', '안녕하세요! User18입니다.', 'https://user18.example.com'),
(19, 19, 'user19@example.com', '123', 'User19', 'ROLE_USER', '안녕하세요! User19입니다.', 'https://user19.example.com'),
(20, 20, 'user20@example.com', '123', 'User20', 'ROLE_USER', '안녕하세요! User20입니다.', 'https://user20.example.com'),
(21, 21, 'user21@example.com', '123', 'User21', 'ROLE_USER', '안녕하세요! User21입니다.', 'https://user21.example.com'),
(22, 22, 'user22@example.com', '123', 'User22', 'ROLE_USER', '안녕하세요! User22입니다.', 'https://user22.example.com'),
(23, 23, 'user23@example.com', '123', 'User23', 'ROLE_USER', '안녕하세요! User23입니다.', 'https://user23.example.com'),
(24, 24, 'user24@example.com', '123', 'User24', 'ROLE_USER', '안녕하세요! User24입니다.', 'https://user24.example.com'),
(25, 25, 'user25@example.com', '123', 'User25', 'ROLE_USER', '안녕하세요! User25입니다.', 'https://user25.example.com'),
(26, 26, 'user26@example.com', '123', 'User26', 'ROLE_USER', '안녕하세요! User26입니다.', 'https://user26.example.com'),
(27, 27, 'user27@example.com', '123', 'User27', 'ROLE_USER', '안녕하세요! User27입니다.', 'https://user27.example.com'),
(28, 28, 'user28@example.com', '123', 'User28', 'ROLE_USER', '안녕하세요! User28입니다.', 'https://user28.example.com'),
(29, 29, 'user29@example.com', '123', 'User29', 'ROLE_USER', '안녕하세요! User29입니다.', 'https://user29.example.com'),
(30, 30, 'user30@example.com', '123', 'User30', 'ROLE_USER', '안녕하세요! User30입니다.', 'https://user30.example.com'),
(31, null, 'user31@example.com', '$2a$10$zAruYK01KFiti.O2lO1LF.ohKmQawAlnsgLpJlnfOPLAzhV0w7URW', 'User31', 'ROLE_USER', '안녕하세요! User31입니다.', 'https://user31.example.com');

ALTER TABLE "user" ALTER COLUMN id RESTART WITH 32;



INSERT INTO delivery_info (id, user_id, zipcode, address, detail_address, is_default) VALUES
(1, 1, '00001000', '서울시 구 1번가', '101호', 1),
(2, 2, '00002000', '서울시 구 2번가', '201호', 1),
(3, 3, '00003000', '서울시 구 3번가', '301호', 1),
(4, 4, '00004000', '서울시 구 4번가', '401호', 0),
(5, 5, '00005000', '서울시 구 5번가', '501호', 1),
(6, 6, '00006000', '서울시 구 6번가', '601호', 1),
(7, 7, '00007000', '서울시 구 7번가', '701호', 1),
(8, 8, '00008000', '서울시 구 8번가', '801호', 1),
(9, 9, '00009000', '서울시 구 9번가', '901호', 1),
(10, 10, '00010000', '서울시 구 10번가', '1001호', 1),
(11, 11, '00011000', '서울시 구 11번가', '1101호', 1),
(12, 12, '00012000', '서울시 구 12번가', '1201호', 1),
(13, 13, '00013000', '서울시 구 13번가', '1301호', 1),
(14, 14, '00014000', '서울시 구 14번가', '1401호', 1),
(15, 15, '00015000', '서울시 구 15번가', '1501호', 1),
(16, 16, '00016000', '서울시 구 16번가', '1601호', 1),
(17, 17, '00017000', '서울시 구 17번가', '1701호', 1),
(18, 18, '00018000', '서울시 구 18번가', '1801호', 1),
(19, 19, '00019000', '서울시 구 19번가', '1901호', 1),
(20, 20, '00020000', '서울시 구 20번가', '2001호', 1),
(21, 21, '00021000', '서울시 구 21번가', '2101호', 1),
(22, 22, '00022000', '서울시 구 22번가', '2201호', 1),
(23, 23, '00023000', '서울시 구 23번가', '2301호', 1),
(24, 24, '00024000', '서울시 구 24번가', '2401호', 1),
(25, 25, '00025000', '서울시 구 25번가', '2501호', 1),
(26, 26, '00026000', '서울시 구 26번가', '2601호', 1),
(27, 27, '00027000', '서울시 구 27번가', '2701호', 1),
(28, 28, '00028000', '서울시 구 28번가', '2801호', 1),
(29, 29, '00029000', '서울시 구 29번가', '2901호', 1),
(30, 30, '00030000', '서울시 구 30번가', '3001호', 1),
(31, 3, '00030000', '서울시 구 30번가', '3001호', 0);

ALTER TABLE delivery_info ALTER COLUMN id RESTART WITH 32;


INSERT INTO bank_account (id, account_number, bank_name, is_default, user_id) VALUES
(1, '0000001001', '은행A', true, 1),
(2, '0000001002', '은행B', true, 2),
(3, '0000002001', '은행C', true, 3),
(4, '0000002002', '은행D', true, 4),
(5, '0000003001', '은행E', true, 5),
(6, '0000003002', '은행F', true, 6),
(7, '0000004001', '은행G', true, 7),
(8, '0000004002', '은행H', true, 8),
(9, '0000005001', '은행I', true, 9),
(10, '0000005002', '은행J', true, 10),
(11, '0000000006', '은행6', true, 11),
(12, '0000000007', '은행7', true, 12),
(13, '0000000008', '은행8', true, 13),
(14, '0000000009', '은행9', true, 14),
(15, '0000000010', '은행10', true, 15),
(16, '0000000011', '은행11', true, 16),
(17, '0000000012', '은행12', true, 17),
(18, '0000000013', '은행13', true, 18),
(19, '0000000014', '은행14', true, 19),
(20, '0000000015', '은행15', true, 20),
(21, '0000000016', '은행16', true, 21),
(22, '0000000017', '은행17', true, 22),
(23, '0000000018', '은행18', true, 23),
(24, '0000000019', '은행19', true, 24),
(25, '0000000020', '은행20', true, 25),
(26, '0000000021', '은행21', true, 26),
(27, '0000000022', '은행22', true, 27),
(28, '0000000023', '은행23', true, 28),
(29, '0000000024', '은행24', true, 29),
(30, '0000000025', '은행25', true, 30),
(31, '0000000025', '은행25', false, 3);

ALTER TABLE bank_account ALTER COLUMN id RESTART WITH 32;





INSERT INTO project (
  id, seller_id, image_group_id, category_id, bank_account_id,
  title, description,
  goal_amount, total_amount, content_markdown,
  start_at, end_at, shipped_at,
  is_approved, status,
  created_at,
  platform_plan_id, views
) VALUES
(1, 1, 1, 1, 1, '프로젝트 제목 1', '설명 1', 100000, 120000.0, '내용 1', '2025-04-01', '2025-04-20', '2025-03-01', 'APPROVED', 'COMPLETED', '2025-04-01', 2, 184),
(2, 2, 2, 1, 2, '프로젝트 제목 2', '설명 2', 200000, 240000.0, '내용 2', '2025-04-02', '2025-04-21', '2025-04-29', 'APPROVED', 'COMPLETED', '2025-04-02', 3, 669),
(3, 3, 3, 1, 3, '프로젝트 제목 3', '설명 3', 300000, 360000.0, '내용 3', '2025-04-03', '2025-04-22', '2025-05-01', 'APPROVED', 'COMPLETED', '2025-04-03', 3, 914),
(4, 4, 4, 1, 4, '프로젝트 제목 4', '설명 4', 400000, 480000.0, '내용 4', '2025-05-04', '2025-05-15', '2025-05-20', 'APPROVED', 'ACTIVE', '2025-05-04', 2, 52),
(5, 5, 5, 1, 5, '프로젝트 제목 5', '설명 5', 500000, 600000.0, '내용 5', '2025-05-05', '2025-05-16', '2025-05-23', 'APPROVED', 'ACTIVE', '2025-05-05', 2, 674),
(6, 6, 6, 1, 6, '프로젝트 제목 6', '설명 6', 600000, 720000.0, '내용 6', '2025-05-06', '2025-05-17', '2025-05-26', 'APPROVED', 'CANCELLED', '2025-05-06', 2, 867),
(7, 7, 7, 1, 7, '프로젝트 제목 7', '설명 7', 700000, 840000.0, '내용 7', '2025-05-07', '2025-05-19', '2025-05-24', 'APPROVED', 'COMPLETED', '2025-05-07', 1, 326),
(8, 8, 8, 1, 8, '프로젝트 제목 8', '설명 8', 800000, 960000.0, '내용 8', '2025-05-08', '2025-05-20', '2025-05-27', 'APPROVED', 'COMPLETED', '2025-05-08', 3, 507),
(9, 9, 9, 1, 9, '프로젝트 제목 9', '설명 9', 900000, 1080000.0, '내용 9', '2025-05-09', '2025-05-21', '2025-05-28', 'APPROVED', 'COMPLETED', '2025-05-09', 3, 124),
(10, 10, 10, 1, 10, '프로젝트 제목 10', '설명 10', 1000000, 1200000.0, '내용 10', '2025-06-09', '2025-06-15', '2025-06-21', 'APPROVED', 'COMPLETED', '2025-06-09', 3, 277),
(11, 11, 11, 1, 11, '프로젝트 제목 11', '설명 11', 1100000, 1320000.0, '내용 11', '2025-01-11', '2025-02-11', '2025-03-11', 'APPROVED', 'ACTIVE', '2025-01-11', 2, 545),
(12, 12, 12, 1, 12, '프로젝트 제목 12', '설명 12', 1200000, 1440000.0, '내용 12', '2025-01-12', '2025-02-12', '2025-03-12', 'REJECTED', 'CANCELLED', '2025-01-12', 3, 2),
(13, 13, 13, 1, 13, '프로젝트 제목 13', '설명 13', 1300000, 1560000.0, '내용 13', '2025-01-13', '2025-02-13', '2025-03-13', 'APPROVED', 'ACTIVE', '2025-01-13', 2, 520),
(14, 14, 14, 1, 14, '프로젝트 제목 14', '설명 14', 1400000, 1680000.0, '내용 14', '2025-01-14', '2025-02-14', '2025-03-14', 'APPROVED', 'ACTIVE', '2025-01-14', 3, 537),
(15, 15, 15, 1, 15, '프로젝트 제목 15', '설명 15', 1500000, 1800000.0, '내용 15', '2025-01-15', '2025-02-15', '2025-03-15', 'REJECTED', 'CANCELLED', '2025-01-15', 2, 28),
(16, 16, 16, 1, 16, '프로젝트 제목 16', '설명 16', 1600000, 1920000.0, '내용 16', '2025-01-16', '2025-02-16', '2025-03-16', 'APPROVED', 'ACTIVE', '2025-01-16', 2, 603),
(17, 17, 17, 1, 17, '프로젝트 제목 17', '설명 17', 1700000, 2040000.0, '내용 17', '2025-01-17', '2025-02-17', '2025-03-17', 'APPROVED', 'ACTIVE', '2025-01-17', 2, 527),
(18, 18, 18, 1, 18, '프로젝트 제목 18', '설명 18', 1800000, 2160000.0, '내용 18', '2025-01-18', '2025-02-18', '2025-03-18', 'REJECTED', 'CANCELLED', '2025-01-18', 1, 919),
(19, 19, 19, 1, 19, '프로젝트 제목 19', '설명 19', 1900000, 2280000.0, '내용 19', '2025-01-19', '2025-02-19', '2025-03-19', 'APPROVED', 'ACTIVE', '2025-01-19', 3, 916),
(20, 20, 20, 1, 20, '프로젝트 제목 20', '설명 20', 2000000, 2400000.0, '내용 20', '2025-01-20', '2025-02-20', '2025-03-20', 'APPROVED', 'ACTIVE', '2025-01-20', 3, 873),
(21, 2, 21, 1, 21, '프로젝트 제목 21', '설명 21', 2100000, 2520000.0, '내용 21', '2025-01-21', '2025-02-21', '2025-03-21', 'REJECTED', 'CANCELLED', '2025-01-21', 2, 363),
(22, 2, 22, 1, 22, '프로젝트 제목 22', '설명 22', 2200000, 2640000.0, '내용 22', '2025-01-22', '2025-02-22', '2025-03-22', 'APPROVED', 'ACTIVE', '2025-01-22', 2, 601),
(23, 2, 23, 1, 23, '프로젝트 제목 23', '설명 23', 2300000, 2760000.0, '내용 23', '2025-01-23', '2025-02-23', '2025-03-23', 'APPROVED', 'ACTIVE', '2025-01-23', 3, 493),
(24, 2, 24, 1, 24, '프로젝트 제목 24', '설명 24', 2400000, 2880000.0, '내용 24', '2025-01-24', '2025-02-24', '2025-03-24', 'REJECTED', 'CANCELLED', '2025-01-24', 3, 639),
(25, 2, 25, 1, 25, '프로젝트 제목 25', '설명 25', 2500000, 3000000.0, '내용 25', '2025-01-25', '2025-02-25', '2025-03-25', 'APPROVED', 'ACTIVE', '2025-01-25', 3, 511),
(26, 2, 26, 1, 26, '프로젝트 제목 26', '설명 26', 2600000, 3120000.0, '내용 26', '2025-01-26', '2025-02-26', '2025-03-26', 'APPROVED', 'ACTIVE', '2025-01-26', 1, 985),
(27, 2, 27, 1, 27, '프로젝트 제목 27', '설명 27', 2700000, 3240000.0, '내용 27', '2025-01-27', '2025-02-27', '2025-03-27', 'REJECTED', 'CANCELLED', '2025-01-27', 3, 371),
(28, 2, 28, 1, 28, '프로젝트 제목 28', '설명 28', 2800000, 3360000.0, '내용 28', '2025-01-28', '2025-02-28', '2025-03-28', 'APPROVED', 'ACTIVE', '2025-01-28', 1, 83),
(29, 2, 29, 1, 29, '프로젝트 제목 29', '설명 29', 2900000, 3480000.0, '내용 29', '2025-01-29', '2025-03-01', '2025-03-29', 'APPROVED', 'ACTIVE', '2025-01-29', 3, 917),
(30, 2, 30, 1, 30, '프로젝트 제목 30', '설명 30', 3000000, 3600000.0, '내용 30', '2025-01-30', '2025-03-02', '2025-03-30', 'REJECTED', 'CANCELLED', '2025-01-30', 2, 551);

ALTER TABLE project ALTER COLUMN id RESTART WITH 31;

INSERT INTO product (id, project_id, name, description, price, stock) VALUES
(1, 1, '상품1', '상품1 설명입니다.', 72000, 100),
(2, 1, '상품2', '상품2 설명입니다.', 33000, 100),
(3, 1, '상품3', '상품3 설명입니다.', 15000, 100),
(4, 1, '상품4', '상품4 설명입니다.', 34000, 100),
(5, 1, '상품5', '상품5 설명입니다.', 57000, 100),
(6, 2, '상품6', '상품6 설명입니다.', 90000, 0),
(7, 2, '상품7', '상품7 설명입니다.', 36000, 1),
(8, 2, '상품8', '상품8 설명입니다.', 40000, 1),
(9, 2, '상품9', '상품9 설명입니다.', 87000, 1),
(10, 2, '상품10', '상품10 설명입니다.', 21000, 100),
(11, 3, '상품11', '상품11 설명입니다.', 18000, 100),
(12, 3, '상품12', '상품12 설명입니다.', 77000, 100),
(13, 3, '상품13', '상품13 설명입니다.', 86000, 100),
(14, 4, '상품14', '상품14 설명입니다.', 23000, 100),
(15, 4, '상품15', '상품15 설명입니다.', 53000, 100),
(16, 4, '상품16', '상품16 설명입니다.', 46000, 100),
(17, 4, '상품17', '상품17 설명입니다.', 85000, 100),
(18, 4, '상품18', '상품18 설명입니다.', 80000, 100),
(19, 5, '상품19', '상품19 설명입니다.', 53000, 100),
(20, 5, '상품20', '상품20 설명입니다.', 82000, 100),
(21, 5, '상품21', '상품21 설명입니다.', 92000, 100),
(22, 5, '상품22', '상품22 설명입니다.', 99000, 100),
(23, 6, '상품23', '상품23 설명입니다.', 50000, 1),
(24, 6, '상품24', '상품24 설명입니다.', 37000, 1),
(25, 6, '상품25', '상품25 설명입니다.', 31000, 1),
(26, 7, '상품26', '상품26 설명입니다.', 73000, 100),
(27, 7, '상품27', '상품27 설명입니다.', 71000, 100),
(28, 7, '상품28', '상품28 설명입니다.', 58000, 100),
(29, 7, '상품29', '상품29 설명입니다.', 70000, 100),
(30, 7, '상품30', '상품30 설명입니다.', 54000, 100),
(31, 8, '상품31', '상품31 설명입니다.', 28000, 100),
(32, 8, '상품32', '상품32 설명입니다.', 24000, 100),
(33, 8, '상품33', '상품33 설명입니다.', 28000, 100),
(34, 8, '상품34', '상품34 설명입니다.', 41000, 100),
(35, 8, '상품35', '상품35 설명입니다.', 16000, 100),
(36, 9, '상품36', '상품36 설명입니다.', 83000, 100),
(37, 9, '상품37', '상품37 설명입니다.', 82000, 100),
(38, 9, '상품38', '상품38 설명입니다.', 35000, 100),
(39, 9, '상품39', '상품39 설명입니다.', 93000, 100),
(40, 10, '상품40', '상품40 설명입니다.', 81000, 100),
(41, 10, '상품41', '상품41 설명입니다.', 97000, 100),
(42, 10, '상품42', '상품42 설명입니다.', 68000, 100),
(43, 10, '상품43', '상품43 설명입니다.', 23000, 100),
(44, 10, '상품44', '상품44 설명입니다.', 94000, 100),
(45, 11, '상품45', '상품45 설명입니다.', 80000, 100),
(46, 11, '상품46', '상품46 설명입니다.', 19000, 100),
(47, 11, '상품47', '상품47 설명입니다.', 82000, 100),
(48, 12, '상품48', '상품48 설명입니다.', 45000, 100),
(49, 12, '상품49', '상품49 설명입니다.', 22000, 100),
(50, 12, '상품50', '상품50 설명입니다.', 49000, 100),
(51, 12, '상품51', '상품51 설명입니다.', 87000, 100),
(52, 12, '상품52', '상품52 설명입니다.', 17000, 100),
(53, 13, '상품53', '상품53 설명입니다.', 33000, 100),
(54, 13, '상품54', '상품54 설명입니다.', 40000, 100),
(55, 13, '상품55', '상품55 설명입니다.', 11000, 100),
(56, 14, '상품56', '상품56 설명입니다.', 99000, 100),
(57, 14, '상품57', '상품57 설명입니다.', 43000, 100),
(58, 14, '상품58', '상품58 설명입니다.', 97000, 100),
(59, 14, '상품59', '상품59 설명입니다.', 11000, 100),
(60, 14, '상품60', '상품60 설명입니다.', 37000, 100),
(61, 15, '상품61', '상품61 설명입니다.', 40000, 100),
(62, 15, '상품62', '상품62 설명입니다.', 75000, 100),
(63, 15, '상품63', '상품63 설명입니다.', 31000, 100),
(64, 15, '상품64', '상품64 설명입니다.', 18000, 100),
(65, 15, '상품65', '상품65 설명입니다.', 41000, 100),
(66, 16, '상품66', '상품66 설명입니다.', 46000, 100),
(67, 16, '상품67', '상품67 설명입니다.', 92000, 100),
(68, 16, '상품68', '상품68 설명입니다.', 74000, 100),
(69, 16, '상품69', '상품69 설명입니다.', 93000, 100),
(70, 17, '상품70', '상품70 설명입니다.', 15000, 100),
(71, 17, '상품71', '상품71 설명입니다.', 98000, 100),
(72, 17, '상품72', '상품72 설명입니다.', 47000, 100),
(73, 17, '상품73', '상품73 설명입니다.', 42000, 100),
(74, 17, '상품74', '상품74 설명입니다.', 49000, 100),
(75, 18, '상품75', '상품75 설명입니다.', 88000, 100),
(76, 18, '상품76', '상품76 설명입니다.', 27000, 100),
(77, 18, '상품77', '상품77 설명입니다.', 36000, 100),
(78, 18, '상품78', '상품78 설명입니다.', 38000, 100),
(79, 19, '상품79', '상품79 설명입니다.', 62000, 100),
(80, 19, '상품80', '상품80 설명입니다.', 75000, 100),
(81, 19, '상품81', '상품81 설명입니다.', 49000, 100),
(82, 19, '상품82', '상품82 설명입니다.', 48000, 100),
(83, 20, '상품83', '상품83 설명입니다.', 22000, 100),
(84, 20, '상품84', '상품84 설명입니다.', 93000, 100),
(85, 20, '상품85', '상품85 설명입니다.', 57000, 100),
(86, 20, '상품86', '상품86 설명입니다.', 89000, 100),
(87, 21, '상품87', '상품87 설명입니다.', 55000, 100),
(88, 21, '상품88', '상품88 설명입니다.', 60000, 100),
(89, 21, '상품89', '상품89 설명입니다.', 89000, 100),
(90, 22, '상품90', '상품90 설명입니다.', 66000, 100),
(91, 22, '상품91', '상품91 설명입니다.', 27000, 100),
(92, 22, '상품92', '상품92 설명입니다.', 45000, 100),
(93, 22, '상품93', '상품93 설명입니다.', 86000, 100),
(94, 23, '상품94', '상품94 설명입니다.', 44000, 100),
(95, 23, '상품95', '상품95 설명입니다.', 71000, 100),
(96, 23, '상품96', '상품96 설명입니다.', 34000, 100),
(97, 23, '상품97', '상품97 설명입니다.', 47000, 100),
(98, 23, '상품98', '상품98 설명입니다.', 16000, 100),
(99, 24, '상품99', '상품99 설명입니다.', 53000, 100),
(100, 24, '상품100', '상품100 설명입니다.', 78000, 100),
(101, 24, '상품101', '상품101 설명입니다.', 23000, 100),
(102, 25, '상품102', '상품102 설명입니다.', 47000, 100),
(103, 25, '상품103', '상품103 설명입니다.', 78000, 100),
(104, 25, '상품104', '상품104 설명입니다.', 31000, 100),
(105, 25, '상품105', '상품105 설명입니다.', 21000, 100),
(106, 26, '상품106', '상품106 설명입니다.', 42000, 100),
(107, 26, '상품107', '상품107 설명입니다.', 87000, 100),
(108, 26, '상품108', '상품108 설명입니다.', 38000, 100),
(109, 26, '상품109', '상품109 설명입니다.', 47000, 100),
(110, 27, '상품110', '상품110 설명입니다.', 90000, 100),
(111, 27, '상품111', '상품111 설명입니다.', 10000, 100),
(112, 27, '상품112', '상품112 설명입니다.', 90000, 100),
(113, 28, '상품113', '상품113 설명입니다.', 31000, 100),
(114, 28, '상품114', '상품114 설명입니다.', 57000, 100),
(115, 28, '상품115', '상품115 설명입니다.', 97000, 100),
(116, 29, '상품116', '상품116 설명입니다.', 58000, 100),
(117, 29, '상품117', '상품117 설명입니다.', 16000, 100),
(118, 29, '상품118', '상품118 설명입니다.', 66000, 100),
(119, 29, '상품119', '상품119 설명입니다.', 74000, 100),
(120, 30, '상품120', '상품120 설명입니다.', 85000, 100),
(121, 30, '상품121', '상품121 설명입니다.', 28000, 100),
(122, 30, '상품122', '상품122 설명입니다.', 44000, 100),
(123, 30, '상품123', '상품123 설명입니다.', 41000, 100),
(124, 30, '상품124', '상품124 설명입니다.', 59000, 100);

ALTER TABLE product ALTER COLUMN id RESTART WITH 125;

INSERT INTO coupon (id, title, content, price, start_at, end_at, expires_at, stock, coupon_status) VALUES
(1, '할인쿠폰001', '신규 가입자 전용 쿠폰입니다.', 3000, '2025-06-01', '2025-06-15', '2025-06-16', 300, 'PREVIOUS'),
(2, '할인쿠폰002', '10,000원 이상 구매 시 사용 가능한 쿠폰입니다.', 2000, '2025-06-02', '2025-06-17', '2025-06-18', 500, 'PREVIOUS'),
(3, '할인쿠폰003', '주말 한정 할인 쿠폰입니다.', 4000, '2025-06-03', '2025-06-20', '2025-06-21', 150, 'PREVIOUS'),
(4, '할인쿠폰004', '카테고리 전용 할인 쿠폰입니다.', 3500, '2025-06-04', '2025-06-18', '2025-06-19', 200, 'PREVIOUS'),
(5, '할인쿠폰005', '20,000원 이상 구매 시 사용 가능한 쿠폰입니다.', 5000, '2025-06-05', '2025-06-19', '2025-06-20', 120, 'PREVIOUS'),
(6, '할인쿠폰006', '여름 한정 할인 쿠폰입니다.', 2500, '2025-06-06', '2025-06-21', '2025-06-22', 600, 'PREVIOUS'),
(7, '할인쿠폰007', '첫 구매 할인 쿠폰입니다.', 1500, '2025-06-07', '2025-06-22', '2025-06-23', 700, 'PREVIOUS'),
(8, '할인쿠폰008', '30000원 이상 구매 시 사용 가능.', 7000, '2025-06-08', '2025-06-23', '2025-06-24', 80, 'PREVIOUS'),
(9, '할인쿠폰009', '카드사 제휴 할인 쿠폰입니다.', 2000, '2025-06-09', '2025-06-24', '2025-06-25', 350, 'PREVIOUS'),
(10, '할인쿠폰010', '신상품 출시 기념 쿠폰입니다.', 3000, '2025-06-10', '2025-06-25', '2025-06-26', 400, 'PREVIOUS'),
(11, '할인쿠폰011', '선착순 한정 할인 쿠폰입니다.', 5000, '2025-06-01', '2025-06-30', '2025-07-01', 100, 'IN_PROGRESS'),
(12, '할인쿠폰012', '카테고리별 추천 쿠폰입니다.', 2000, '2025-06-11', '2025-06-26', '2025-06-27', 180, 'IN_PROGRESS'),
(13, '할인쿠폰013', '베스트셀러 기획전 할인 쿠폰입니다.', 4500, '2025-06-12', '2025-06-27', '2025-06-28', 320, 'IN_PROGRESS'),
(14, '할인쿠폰014', '신규 고객 전용 이벤트 쿠폰입니다.', 3000, '2025-06-13', '2025-06-28', '2025-06-29', 600, 'IN_PROGRESS'),
(15, '할인쿠폰015', '10% 할인 쿠폰입니다.', 5000, '2025-06-14', '2025-06-29', '2025-06-30', 300, 'IN_PROGRESS'),
(16, '할인쿠폰016', '기념일 한정 쿠폰입니다.', 3500, '2025-06-15', '2025-06-30', '2025-07-01', 120, 'IN_PROGRESS'),
(17, '할인쿠폰017', '대량 구매 시 사용 가능한 쿠폰입니다.', 10000, '2025-06-16', '2025-07-01', '2025-07-02', 250, 'IN_PROGRESS'),
(18, '할인쿠폰018', '기획전 한정 할인 쿠폰입니다.', 6000, '2025-06-17', '2025-07-02', '2025-07-03', 90, 'IN_PROGRESS'),
(19, '할인쿠폰019', '정기 이벤트 할인 쿠폰입니다.', 2000, '2025-06-18', '2025-07-03', '2025-07-04', 330, 'IN_PROGRESS'),
(20, '할인쿠폰020', '계절 프로모션 쿠폰입니다.', 2500, '2025-06-19', '2025-07-04', '2025-07-05', 470, 'IN_PROGRESS'),
(21, '할인쿠폰021', '특가상품 쿠폰입니다.', 1500, '2025-06-20', '2025-07-05', '2025-07-06', 80, 'COMPLETED'),
(22, '할인쿠폰022', '정기배송 전용 할인 쿠폰입니다.', 3000, '2025-06-21', '2025-07-06', '2025-07-07', 600, 'COMPLETED'),
(23, '할인쿠폰023', '친구추천 전용 쿠폰입니다.', 4000, '2025-06-22', '2025-07-07', '2025-07-08', 130, 'COMPLETED'),
(24, '할인쿠폰024', '시즌마감 할인 쿠폰입니다.', 3500, '2025-06-23', '2025-07-08', '2025-07-09', 270, 'COMPLETED'),
(25, '할인쿠폰025', '브랜드데이 기념 쿠폰입니다.', 3000, '2025-06-24', '2025-07-09', '2025-07-10', 180, 'COMPLETED'),
(26, '할인쿠폰026', '상품평 작성자 대상 쿠폰입니다.', 5000, '2025-06-25', '2025-07-10', '2025-07-11', 75, 'ENDED'),
(27, '할인쿠폰027', '이벤트 참여자 대상 쿠폰입니다.', 4500, '2025-06-26', '2025-07-11', '2025-07-12', 90, 'ENDED'),
(28, '할인쿠폰028', 'SNS 공유 시 발급 쿠폰입니다.', 2000, '2025-06-27', '2025-07-12', '2025-07-13', 350, 'ENDED'),
(29, '할인쿠폰029', '무료배송 전환 쿠폰입니다.', 3000, '2025-06-28', '2025-07-13', '2025-07-14', 400, 'ENDED'),
(30, '할인쿠폰030', '기프트 전용 할인 쿠폰입니다.', 5000, '2025-06-29', '2025-07-14', '2025-07-15', 160, 'ENDED');

ALTER TABLE coupon ALTER COLUMN id RESTART WITH 31;


INSERT INTO orders (id, user_id, project_id, delivery_info_id, quantity, total_price, status, is_settled, ordered_at) VALUES
(1, 1, 1, 1, 3, 130000, 'ORDERED', false, '2025-04-01T10:00:00'),
(2, 2, 1, 2, 2, 30000, 'CANCELED', false, '2025-04-02T12:00:00'),
(3, 3, 2, 3, 4, 252000, 'ORDERED', false, '2025-04-03T14:00:00'),
(4, 4, 6, 4, 1, 90000, 'CANCELED', false, '2025-05-04T09:30:00'),
(5, 5, 3, 5, 2, 36000, 'CANCELED', false, '2025-05-05T09:00:00'),
(6, 6, 2, 6, 1, 40000, 'CANCELED', false, '2025-05-06T13:20:00'),
(7, 7, 4, 7, 3, 69000, 'ORDERED', false, '2025-05-07T08:00:00'),
(8, 8, 4, 8, 2, 106000, 'ORDERED', false, '2025-05-08T09:45:00'),
(9, 9, 5, 9, 1, 53000, 'ORDERED', false, '2025-05-09T11:15:00'),
(10, 10, 5, 10, 2, 114000, 'ORDERED', false, '2025-06-09T14:30:00'),
(11, 11, 7, 11, 2, 160000, 'ORDERED', false, '2025-05-17T10:00:00'),
(12, 12, 8, 12, 1, 960000, 'ORDERED', false, '2025-05-18T09:00:00'),
(13, 13, 9, 13, 3, 324000, 'ORDERED', false, '2025-05-19T11:00:00'),
(14, 14, 10, 14, 1, 1200000, 'ORDERED', false, '2025-06-08T15:00:00');


ALTER TABLE orders ALTER COLUMN id RESTART WITH 15;

INSERT INTO order_item (id, order_id, product_id, quantity, price) VALUES
-- Order 1 (project_id=1): 상품1(1개, 72000), 상품2(2개, 2*29000)
(1, 1, 1, 1, 72000),
(2, 1, 2, 2, 58000),
-- Order 2 (project_id=1): 상품3(2개, 2*15000)
(3, 2, 3, 2, 30000),
-- Order 3 (project_id=2): 상품6(2개, 2*90000), 상품7(2개, 2*36000)
(4, 3, 6, 2, 180000),
(5, 3, 7, 2, 72000),
-- Order 4 (project_id=2): 상품6(1개, 90000)
(6, 4, 6, 1, 90000),
-- Order 5 (project_id=3): 상품11(2개, 2*18000)
(7, 5, 11, 2, 36000),
-- Order 6 (project_id=2): 상품8(1개, 40000)
(8, 6, 8, 1, 40000),
-- Order 7 (project_id=4): 상품14(3개, 3*23000)
(9, 7, 14, 3, 69000),
-- Order 8 (project_id=4): 상품15(2개, 2*53000)
(10, 8, 15, 2, 106000),
-- Order 9 (project_id=5): 상품19(1개, 53000)
(11, 9, 19, 1, 53000),
-- Order 10 (project_id=5): 상품19(2개, 2*53000)
(12, 10, 19, 2, 106000),
(13, 11, 21, 2, 160000),  -- 1개당 80000원
(14, 12, 22, 1, 960000),
(15, 13, 23, 3, 324000),  -- 1개당 108000원
(16, 14, 24, 1, 1200000);

ALTER TABLE order_item ALTER COLUMN id RESTART WITH 17;


INSERT INTO payment (id, order_id, user_id, tid, pg_token, amount_total, status, approved_at, created_at) VALUES
(1, 1, 1, 'TID_1234567890', 'PG_TOKEN_001', 130000, 'APPROVED', '2025-04-01T10:05:00', '2025-04-01T10:00:00'),
(2, 2, 1, 'TID_2234567890', NULL,30000,  'PENDING',  NULL,'2025-04-02T12:00:00'),
(3, 3, 2, 'TID_3234567890', 'PG_TOKEN_003', 252000, 'APPROVED', '2025-04-03T14:10:00', '2025-04-03T14:00:00'),
(4, 4, 3, 'TID_TEST_999', NULL, 90000, 'PENDING', NULL, '2025-05-04T14:00:00'),
(5, 5, 3, 'TID_5234567890', NULL, 36000, 'PENDING', NULL, '2025-05-05T09:00:00'),
(6, 6, 4, 'TID_6234567890', NULL, 40000, 'PENDING', NULL, '2025-05-06T13:20:00'),
(7, 7, 4, 'TID_7234567890', 'PG_TOKEN_007', 69000, 'APPROVED', '2025-05-07T08:10:00', '2025-05-07T08:00:00'),
(8, 8, 5, 'TID_8234567890', 'PG_TOKEN_008', 106000, 'APPROVED', '2025-05-08T10:00:00', '2025-05-07T09:45:00'),
(9, 9, 5, 'TID_9234567890', 'PG_TOKEN_009', 53000, 'APPROVED', '2025-05-09T11:30:00', '2025-05-08T11:15:00'),
(10, 10, 2, 'TID_1034567890', 'PG_TOKEN_010', 114000, 'APPROVED', '2025-06-08T14:40:00', '2025-06-08T14:30:00'),
(11, 11, 11, 'TID_1134567890', 'PG_TOKEN_011', 160000, 'APPROVED', '2025-05-19T10:10:00', '2025-05-19T10:00:00'),
(12, 12, 12, 'TID_1234567891', 'PG_TOKEN_012', 960000, 'APPROVED', '2025-05-20T09:10:00', '2025-05-20T09:00:00'),
(13, 13, 13, 'TID_1334567890', 'PG_TOKEN_013', 324000, 'APPROVED', '2025-05-21T11:10:00', '2025-05-21T11:00:00'),
(14, 14, 14, 'TID_1434567890', 'PG_TOKEN_014', 1200000, 'APPROVED', '2025-06-10T15:10:00', '2025-06-10T15:00:00');

ALTER TABLE payment ALTER COLUMN id RESTART WITH 15;
